cuadro_origen,pagina_pdf,ambito,eje,etiqueta_fila,num_juzgados,pendientes_inicio,ingresadas,atendidas,resueltas,pendientes_fin,pct_resueltas,pct_pendientes,promedio_por_juzgado,col_sin_rotulo_1,ciudad,departamento,departamento_derivado,materia_cruda,materia_norm,instancia_derivada,tipo_fila_derivado,errata_corregida,gestion,revisado_manual
9.1.1,673,capital,materia,PÚBLICO CIVIL Y COMERCIAL,163,29688,66140,95828,67788,28040,70.7,29.3,406.0,,,,,PÚBLICO CIVIL Y COMERCIAL,PÚBLICO CIVIL Y COMERCIAL,juzgado,dato,False,2023,False
9.1.1,673,capital,materia,PÚBLICO DE FAMILIA,106,24149,50600,74749,52523,22226,70.3,29.7,477.0,,,,,PÚBLICO DE FAMILIA,PÚBLICO DE FAMILIA,juzgado,dato,False,2023,False
9.1.1,673,capital,materia,PÚBLICO NIÑEZ Y ADOLESCENCIA,26,3846,8549,12395,8368,4027,67.5,32.5,329.0,,,,,PÚBLICO NIÑEZ Y ADOLESCENCIA,PÚBLICO NIÑEZ Y ADOLESCENCIA,juzgado,dato,False,2023,False
9.1.1,673,capital,materia,PARTIDO DE TRABAJO Y SEGURIDAD SOCIAL,51,23611,21382,44992,20797,24195,46.2,53.8,419.0,,,,,PARTIDO DE TRABAJO Y SEGURIDAD SOCIAL,PARTIDO DE TRABAJO Y SEGURIDAD SOCIAL,juzgado,dato,False,2023,False
9.1.1,673,capital,materia,PARTIDO ADMINISTRATIVO COACTIVO FISCAL Y TRIBUTARIO,13,11237,2012,13249,2671,10578,20.2,79.8,155.0,,,,,PARTIDO ADMINISTRATIVO COACTIVO FISCAL Y TRIBUTARIO,PARTIDO ADMINISTRATIVO COACTIVO FISCAL Y TRIBUTARIO,juzgado,dato,False,2023,False
9.1.1,673,capital,materia,INSTRUCCIÓN PENAL,75,39361,59752,99113,60894,38219,61.4,38.6,797.0,,,,,INSTRUCCIÓN PENAL,INSTRUCCIÓN PENAL,juzgado,dato,False,2023,False
9.1.1,673,capital,materia,INSTRUCCÓN CONTRA LA VIOLENCIA HACIA LA MUJER,33,25071,34188,59259,30983,28276,52.3,47.7,1036.0,,,,,INSTRUCCÓN CONTRA LA VIOLENCIA HACIA LA MUJER,INSTRUCCIÓN CONTRA LA VIOLENCIA HACIA LA MUJER,juzgado,dato,True,2023,False
9.1.1,673,capital,materia,INSTRUCCIÓN ANTICORRUPCIÓN,4,2335,2066,4401,1940,2461,44.1,55.9,517.0,,,,,INSTRUCCIÓN ANTICORRUPCIÓN,INSTRUCCIÓN ANTICORRUPCIÓN,juzgado,dato,False,2023,False
9.1.1,673,capital,materia,SENTENCIA PENAL,93,27115,12377,39492,12737,26755,32.3,67.7,133.0,,,,,SENTENCIA PENAL,SENTENCIA PENAL,juzgado,dato,False,2023,False
9.1.1,673,capital,materia,SENTENCIA CONTRA LA VIOLENCIA HACIA LA MUJER,24,9438,5959,15397,4347,11050,28.2,71.8,248.0,,,,,SENTENCIA CONTRA LA VIOLENCIA HACIA LA MUJER,SENTENCIA CONTRA LA VIOLENCIA HACIA LA MUJER,juzgado,dato,False,2023,False
9.1.1,673,capital,materia,SENTENCIA ANTICORRUPCIÓN,1,870,604,1474,370,1104,25.1,74.9,604.0,,,,,SENTENCIA ANTICORRUPCIÓN,SENTENCIA ANTICORRUPCIÓN,juzgado,dato,False,2023,False
9.1.1,673,capital,materia,TRIBUNAL DE SENTENCIA PENAL,30,4496,1443,5939,1189,4750,20.0,80.0,48.0,,,,,TRIBUNAL DE SENTENCIA PENAL,TRIBUNAL DE SENTENCIA PENAL,tribunal,dato,False,2023,False
9.1.1,673,capital,materia,TRIBUNAL DE SENTENCIA CONTRA LA VIOLENCIA HACIA LA MUJER,1,2197,1288,3485,1060,2425,30.4,69.6,1288.0,,,,,TRIBUNAL DE SENTENCIA CONTRA LA VIOLENCIA HACIA LA MUJER,TRIBUNAL DE SENTENCIA CONTRA LA VIOLENCIA HACIA LA MUJER,tribunal,dato,False,2023,False
9.1.1,673,capital,materia,TRIBUNAL DE SENTENCIA ANTICORRUPCIÓN,1,453,191,644,203,441,31.5,68.5,191.0,,,,,TRIBUNAL DE SENTENCIA ANTICORRUPCIÓN,TRIBUNAL DE SENTENCIA ANTICORRUPCIÓN,tribunal,dato,False,2023,False
9.1.1,673,capital,materia,EJECUCIÓN PENAL,19,37717,15819,53536,8992,44544,16.8,83.2,833.0,,,,,EJECUCIÓN PENAL,EJECUCIÓN PENAL,juzgado,dato,False,2023,False
9.1.1,673,capital,materia,NACIONAL CAPITAL,640,241584,282370,523953,274862,249091,52.5,47.5,441.0,,,,,,,juzgado,total,False,2023,False
9.1.3,680,capital,ciudad,Sucre,49,8438,18268,26706,17009,9697,63.7,36.3,373.0,,Sucre,,Chuquisaca,,,juzgado,dato,False,2023,False
9.1.3,680,capital,ciudad,La Paz,123,51741,49575,101316,46131,55185,45.5,54.5,403.0,,La Paz,,La Paz,,,juzgado,dato,False,2023,False
9.1.3,680,capital,ciudad,El Alto,67,27415,33541,60955,32543,28412,53.4,46.6,501.0,,El Alto,,La Paz,,,juzgado,dato,False,2023,False
9.1.3,680,capital,ciudad,Cochabamba,93,25411,39916,65327,39997,25330,61.2,38.8,429.0,,Cochabamba,,Cochabamba,,,juzgado,dato,False,2023,False
9.1.3,680,capital,ciudad,Oruro,47,12172,19191,31363,17430,13933,55.6,44.4,408.0,,Oruro,,Oruro,,,juzgado,dato,False,2023,False
9.1.3,680,capital,ciudad,Potosí,38,16046,16229,32275,16287,15988,50.5,49.5,427.0,,Potosí,,Potosí,,,juzgado,dato,False,2023,False
9.1.3,680,capital,ciudad,Tarija,41,15003,17833,32836,17592,15244,53.6,46.4,435.0,,Tarija,,Tarija,,,juzgado,dato,False,2023,False
9.1.3,680,capital,ciudad,Santa Cruz,132,76970,75233,152203,76183,76020,50.1,49.9,570.0,,Santa Cruz,,Santa Cruz,,,juzgado,dato,False,2023,False
9.1.3,680,capital,ciudad,Trinidad,30,4242,7847,12089,7013,5076,58.0,42.0,262.0,,Trinidad,,Beni,,,juzgado,dato,False,2023,False
9.1.3,680,capital,ciudad,Cobija,20,4146,4737,8883,4677,4206,52.7,47.3,237.0,,Cobija,,Pando,,,juzgado,dato,False,2023,False
9.1.3,680,capital,ciudad,NACIONAL,640,241584,282370,523953,274862,249091,52.5,47.5,441.0,,,,,,,juzgado,total,False,2023,False
9.1.5,687,provincia,materia,PÚBLICO CIVIL Y COMERCIAL,,13374,27672,41046,26981,14065,65.7,34.3,,23.24,,,,PÚBLICO CIVIL Y COMERCIAL,PÚBLICO CIVIL Y COMERCIAL,juzgado,dato,False,2023,False
9.1.5,687,provincia,materia,PÚBLICO DE FAMILIA,,17968,27766,45734,26687,19047,58.4,41.6,,23.32,,,,PÚBLICO DE FAMILIA,PÚBLICO DE FAMILIA,juzgado,dato,False,2023,False
9.1.5,687,provincia,materia,PÚBLICO NIÑEZ Y ADOLESCENCIA,,2251,3613,5864,3344,2520,57.0,43.0,,3.03,,,,PÚBLICO NIÑEZ Y ADOLESCENCIA,PÚBLICO NIÑEZ Y ADOLESCENCIA,juzgado,dato,False,2023,False
9.1.5,687,provincia,materia,PARTIDO DE TRABAJO Y SEGURIDAD SOCIAL,,3658,2691,6349,2644,3705,41.6,58.4,,2.26,,,,PARTIDO DE TRABAJO Y SEGURIDAD SOCIAL,PARTIDO DE TRABAJO Y SEGURIDAD SOCIAL,juzgado,dato,False,2023,False
9.1.5,687,provincia,materia,INSTRUCCIÓN PENAL,,25017,28393,53410,25350,28060,47.5,52.5,,23.84,,,,INSTRUCCIÓN PENAL,INSTRUCCIÓN PENAL,juzgado,dato,False,2023,False
9.1.5,687,provincia,materia,INSTRUCCÓN CONTRA LA VIOLENCIA HACIA LA MUJER,,13164,18259,31423,15780,15643,50.2,49.8,,15.33,,,,INSTRUCCÓN CONTRA LA VIOLENCIA HACIA LA MUJER,INSTRUCCIÓN CONTRA LA VIOLENCIA HACIA LA MUJER,juzgado,dato,True,2023,False
9.1.5,687,provincia,materia,INSTRUCCIÓN ANTICORRUPCIÓN,,343,259,602,252,350,41.9,58.1,,0.22,,,,INSTRUCCIÓN ANTICORRUPCIÓN,INSTRUCCIÓN ANTICORRUPCIÓN,juzgado,dato,False,2023,False
9.1.5,687,provincia,materia,SENTENCIA PENAL,,8319,5501,13820,3720,10100,26.9,73.1,,4.62,,,,SENTENCIA PENAL,SENTENCIA PENAL,juzgado,dato,False,2023,False
9.1.5,687,provincia,materia,SENTENCIA CONTRA LA VIOLENCIA HACIA LA MUJER,,3323,2477,5800,1258,4542,21.7,78.3,,2.08,,,,SENTENCIA CONTRA LA VIOLENCIA HACIA LA MUJER,SENTENCIA CONTRA LA VIOLENCIA HACIA LA MUJER,juzgado,dato,False,2023,False
9.1.5,687,provincia,materia,SENTENCIA ANTICORRUPCIÓN,,96,72,168,56,112,33.3,66.7,,0.06,,,,SENTENCIA ANTICORRUPCIÓN,SENTENCIA ANTICORRUPCIÓN,juzgado,dato,False,2023,False
9.1.5,687,provincia,materia,TRIBUNAL DE SENTENCIA PENAL,,4920,640,5560,622,4938,11.2,88.8,,0.54,,,,TRIBUNAL DE SENTENCIA PENAL,TRIBUNAL DE SENTENCIA PENAL,tribunal,dato,False,2023,False
9.1.5,687,provincia,materia,TRIBUNAL DE SENTENCIA CONTRA LA VIOLENCIA HACIA LA MUJER,,3130,1096,4226,673,3553,15.9,84.1,,0.92,,,,TRIBUNAL DE SENTENCIA CONTRA LA VIOLENCIA HACIA LA MUJER,TRIBUNAL DE SENTENCIA CONTRA LA VIOLENCIA HACIA LA MUJER,tribunal,dato,False,2023,False
9.1.5,687,provincia,materia,TRIBUNAL DE SENTENCIA ANTICORRUPCIÓN,,57,31,88,28,60,31.8,68.2,,0.03,,,,TRIBUNAL DE SENTENCIA ANTICORRUPCIÓN,TRIBUNAL DE SENTENCIA ANTICORRUPCIÓN,tribunal,dato,False,2023,False
9.1.5,687,provincia,materia,EJECUCIÓN PENAL,,190,608,798,76,722,9.5,90.5,,0.51,,,,EJECUCIÓN PENAL,EJECUCIÓN PENAL,juzgado,dato,False,2023,False
9.1.5,687,provincia,materia,NACIONAL,,95810,119078,214888,107471,107417,50.0,50.0,,100.0,,,,,,juzgado,total,False,2023,False
9.1.7,694,provincia,departamento,Chuquisaca,,1532,4018,5550,3773,1777,68.0,32.0,,,,Chuquisaca,,,,juzgado,dato,False,2023,False
9.1.7,694,provincia,departamento,La Paz,,9977,14816,24793,14406,10387,58.1,41.9,,,,La Paz,,,,juzgado,dato,False,2023,False
9.1.7,694,provincia,departamento,Cochabamba,,22391,31183,53574,30659,22915,57.2,42.8,,,,Cochabamba,,,,juzgado,dato,False,2023,False
9.1.7,694,provincia,departamento,Oruro,,1469,3437,4906,3255,1651,66.3,33.7,,,,Oruro,,,,juzgado,dato,False,2023,False
9.1.7,694,provincia,departamento,Potosí,,9753,10916,20669,11349,9320,54.9,45.1,,,,Potosí,,,,juzgado,dato,False,2023,False
9.1.7,694,provincia,departamento,Tarija,,8151,11114,19265,10619,8646,55.1,44.9,,,,Tarija,,,,juzgado,dato,False,2023,False
9.1.7,694,provincia,departamento,Santa Cruz,,34654,35490,70144,26913,43231,38.4,61.6,,,,Santa Cruz,,,,juzgado,dato,False,2023,False
9.1.7,694,provincia,departamento,Beni,,7556,7537,15093,6139,8954,40.7,59.3,,,,Beni,,,,juzgado,dato,False,2023,False
9.1.7,694,provincia,departamento,Pando,,327,567,894,358,536,40.0,60.0,,,,Pando,,,,juzgado,dato,False,2023,False
9.1.7,694,provincia,departamento,Total general,,95810,119078,214888,107471,107417,50.0,50.0,,,,,,,,juzgado,total,False,2023,False
9.1.9,701,nacional,materia,PÚBLICO CIVIL Y COMERCIAL,,43062,93812,136874,94769,42105,69.2,30.8,,,,,,PÚBLICO CIVIL Y COMERCIAL,PÚBLICO CIVIL Y COMERCIAL,juzgado,dato,False,2023,False
9.1.9,701,nacional,materia,PÚBLICO DE FAMILIA,,42117,78366,120483,79210,41273,65.7,34.3,,,,,,PÚBLICO DE FAMILIA,PÚBLICO DE FAMILIA,juzgado,dato,False,2023,False
9.1.9,701,nacional,materia,PÚBLICO NIÑEZ Y ADOLESCENCIA,,6097,12162,18259,11712,6547,64.1,35.9,,,,,,PÚBLICO NIÑEZ Y ADOLESCENCIA,PÚBLICO NIÑEZ Y ADOLESCENCIA,juzgado,dato,False,2023,False
9.1.9,701,nacional,materia,PARTIDO DE TRABAJO Y SEGURIDAD SOCIAL,,27269,24073,51341,23441,27900,45.7,54.3,,,,,,PARTIDO DE TRABAJO Y SEGURIDAD SOCIAL,PARTIDO DE TRABAJO Y SEGURIDAD SOCIAL,juzgado,dato,False,2023,False
9.1.9,701,nacional,materia,PARTIDO ADMINISTRATIVO COACTIVO FISCAL Y TRIBUTARIO,,11237,2012,13249,2671,10578,20.2,79.8,,,,,,PARTIDO ADMINISTRATIVO COACTIVO FISCAL Y TRIBUTARIO,PARTIDO ADMINISTRATIVO COACTIVO FISCAL Y TRIBUTARIO,juzgado,dato,False,2023,False
9.1.9,701,nacional,materia,INSTRUCCIÓN PENAL,,64378,88145,152523,86244,66279,56.5,43.5,,,,,,INSTRUCCIÓN PENAL,INSTRUCCIÓN PENAL,juzgado,dato,False,2023,False
9.1.9,701,nacional,materia,INSTRUCCÓN CONTRA LA VIOLENCIA HACIA LA MUJER,,38235,52447,90682,46763,43919,51.6,48.4,,,,,,INSTRUCCÓN CONTRA LA VIOLENCIA HACIA LA MUJER,INSTRUCCIÓN CONTRA LA VIOLENCIA HACIA LA MUJER,juzgado,dato,True,2023,False
9.1.9,701,nacional,materia,INSTRUCCIÓN ANTICORRUPCIÓN,,2678,2325,5003,2192,2811,43.8,56.2,,,,,,INSTRUCCIÓN ANTICORRUPCIÓN,INSTRUCCIÓN ANTICORRUPCIÓN,juzgado,dato,False,2023,False
9.1.9,701,nacional,materia,SENTENCIA PENAL,,35434,17878,53312,16457,36855,30.9,69.1,,,,,,SENTENCIA PENAL,SENTENCIA PENAL,juzgado,dato,False,2023,False
9.1.9,701,nacional,materia,SENTENCIA CONTRA LA VIOLENCIA HACIA LA MUJER,,12761,8436,21197,5605,15592,26.4,73.6,,,,,,SENTENCIA CONTRA LA VIOLENCIA HACIA LA MUJER,SENTENCIA CONTRA LA VIOLENCIA HACIA LA MUJER,juzgado,dato,False,2023,False
9.1.9,701,nacional,materia,SENTENCIA ANTICORRUPCIÓN,,966,676,1642,426,1216,25.9,74.1,,,,,,SENTENCIA ANTICORRUPCIÓN,SENTENCIA ANTICORRUPCIÓN,juzgado,dato,False,2023,False
9.1.9,701,nacional,materia,TRIBUNAL DE SENTENCIA PENAL,,9416,2083,11499,1811,9688,15.7,84.3,,,,,,TRIBUNAL DE SENTENCIA PENAL,TRIBUNAL DE SENTENCIA PENAL,tribunal,dato,False,2023,False
9.1.9,701,nacional,materia,TRIBUNAL DE SENTENCIA CONTRA LA VIOLENCIA HACIA LA MUJER,,5327,2384,7711,1733,5978,22.5,77.5,,,,,,TRIBUNAL DE SENTENCIA CONTRA LA VIOLENCIA HACIA LA MUJER,TRIBUNAL DE SENTENCIA CONTRA LA VIOLENCIA HACIA LA MUJER,tribunal,dato,False,2023,False
9.1.9,701,nacional,materia,TRIBUNAL DE SENTENCIA ANTICORRUPCIÓN,,510,222,732,231,501,31.6,68.4,,,,,,TRIBUNAL DE SENTENCIA ANTICORRUPCIÓN,TRIBUNAL DE SENTENCIA ANTICORRUPCIÓN,tribunal,dato,False,2023,False
9.1.9,701,nacional,materia,EJECUCIÓN PENAL,,37907,16427,54334,9068,45266,16.7,83.3,,,,,,EJECUCIÓN PENAL,EJECUCIÓN PENAL,juzgado,dato,False,2023,False
9.1.9,701,nacional,materia,NACIONAL CAPITAL Y PROVINCIAS,,337394,401448,738841,382333,356508,51.7,48.3,,,,,,,,juzgado,total,False,2023,False
9.1.11,708,nacional,departamento,Chuquisaca,,9970,22286,32256,20782,11474,64.4,35.57,,,,Chuquisaca,,,,juzgado,dato,False,2023,False
9.1.11,708,nacional,departamento,La Paz,,89133,97932,187064,93080,93984,49.8,50.24,,,,La Paz,,,,juzgado,dato,False,2023,False
9.1.11,708,nacional,departamento,Cochabamba,,47802,71099,118901,70656,48245,59.4,40.58,,,,Cochabamba,,,,juzgado,dato,False,2023,False
9.1.11,708,nacional,departamento,Oruro,,13641,22628,36269,20685,15584,57.0,42.97,,,,Oruro,,,,juzgado,dato,False,2023,False
9.1.11,708,nacional,departamento,Potosí,,25799,27145,52944,27636,25308,52.2,47.8,,,,Potosí,,,,juzgado,dato,False,2023,False
9.1.11,708,nacional,departamento,Tarija,,23154,28947,52101,28211,23890,54.1,45.85,,,,Tarija,,,,juzgado,dato,False,2023,False
9.1.11,708,nacional,departamento,Santa Cruz,,111624,110723,222347,103096,119251,46.4,53.63,,,,Santa Cruz,,,,juzgado,dato,False,2023,False
9.1.11,708,nacional,departamento,Beni,,11798,15384,27182,13152,14030,48.4,51.62,,,,Beni,,,,juzgado,dato,False,2023,False
9.1.11,708,nacional,departamento,Pando,,4473,5304,9777,5035,4742,51.5,48.5,,,,Pando,,,,juzgado,dato,False,2023,False
9.1.11,708,nacional,departamento,NACIONAL,,337394,401448,738841,382333,356508,51.7,48.25,,,,,,,,juzgado,total,False,2023,False
