cuadro_origen,pagina_pdf,ambito,eje,etiqueta_fila,gestion,resueltas,pct_resueltas,materia_cruda,materia_norm,materia_homologada,instancia_derivada,tipo_fila_derivado,errata_corregida,revisado_manual
9.1.2,677,capital,materia,Público Civil y Comercial,2019,61635,69.6,Público Civil y Comercial,Público Civil y Comercial,Público Civil y Comercial,juzgado,dato,False,False
9.1.2,677,capital,materia,Público Civil y Comercial,2020,38356,66.7,Público Civil y Comercial,Público Civil y Comercial,Público Civil y Comercial,juzgado,dato,False,False
9.1.2,677,capital,materia,Público Civil y Comercial,2021,52219,66.7,Público Civil y Comercial,Público Civil y Comercial,Público Civil y Comercial,juzgado,dato,False,False
9.1.2,677,capital,materia,Público Civil y Comercial,2022,58647,67.9,Público Civil y Comercial,Público Civil y Comercial,Público Civil y Comercial,juzgado,dato,False,False
9.1.2,677,capital,materia,Público Civil y Comercial,2023,67788,70.7,Público Civil y Comercial,Público Civil y Comercial,Público Civil y Comercial,juzgado,dato,False,False
9.1.2,677,capital,materia,Público de Familia,2019,47806,61.8,Público de Familia,Público de Familia,Público de Familia,juzgado,dato,False,False
9.1.2,677,capital,materia,Público de Familia,2020,34802,65.5,Público de Familia,Público de Familia,Público de Familia,juzgado,dato,False,False
9.1.2,677,capital,materia,Público de Familia,2021,53128,65.5,Público de Familia,Público de Familia,Público de Familia,juzgado,dato,False,False
9.1.2,677,capital,materia,Público de Familia,2022,52685,66.2,Público de Familia,Público de Familia,Público de Familia,juzgado,dato,False,False
9.1.2,677,capital,materia,Público de Familia,2023,52523,70.3,Público de Familia,Público de Familia,Público de Familia,juzgado,dato,False,False
9.1.2,677,capital,materia,Público Niñez y Adolescencia,2019,7614,55.2,Público Niñez y Adolescencia,Público Niñez y Adolescencia,Público Niñez y Adolescencia,juzgado,dato,False,False
9.1.2,677,capital,materia,Público Niñez y Adolescencia,2020,5176,57.8,Público Niñez y Adolescencia,Público Niñez y Adolescencia,Público Niñez y Adolescencia,juzgado,dato,False,False
9.1.2,677,capital,materia,Público Niñez y Adolescencia,2021,6964,57.8,Público Niñez y Adolescencia,Público Niñez y Adolescencia,Público Niñez y Adolescencia,juzgado,dato,False,False
9.1.2,677,capital,materia,Público Niñez y Adolescencia,2022,6760,52.8,Público Niñez y Adolescencia,Público Niñez y Adolescencia,Público Niñez y Adolescencia,juzgado,dato,False,False
9.1.2,677,capital,materia,Público Niñez y Adolescencia,2023,8368,67.5,Público Niñez y Adolescencia,Público Niñez y Adolescencia,Público Niñez y Adolescencia,juzgado,dato,False,False
9.1.2,677,capital,materia,Partido Trabajo y Seguridad Social,2019,14136,36.1,Partido Trabajo y Seguridad Social,Partido Trabajo y Seguridad Social,Partido de Trabajo y Seguridad Social,juzgado,dato,False,False
9.1.2,677,capital,materia,Partido Trabajo y Seguridad Social,2020,13497,38.0,Partido Trabajo y Seguridad Social,Partido Trabajo y Seguridad Social,Partido de Trabajo y Seguridad Social,juzgado,dato,False,False
9.1.2,677,capital,materia,Partido Trabajo y Seguridad Social,2021,15362,38.0,Partido Trabajo y Seguridad Social,Partido Trabajo y Seguridad Social,Partido de Trabajo y Seguridad Social,juzgado,dato,False,False
9.1.2,677,capital,materia,Partido Trabajo y Seguridad Social,2022,15929,38.6,Partido Trabajo y Seguridad Social,Partido Trabajo y Seguridad Social,Partido de Trabajo y Seguridad Social,juzgado,dato,False,False
9.1.2,677,capital,materia,Partido Trabajo y Seguridad Social,2023,20797,46.2,Partido Trabajo y Seguridad Social,Partido Trabajo y Seguridad Social,Partido de Trabajo y Seguridad Social,juzgado,dato,False,False
9.1.2,677,capital,materia,"Partido Administrativo, Coactivo Fiscal",2019,2067,15.2,"Partido Administrativo, Coactivo Fiscal","Partido Administrativo, Coactivo Fiscal",Partido Administrativo Coactivo Fiscal y Tributario,juzgado,dato,False,False
9.1.2,677,capital,materia,"Partido Administrativo, Coactivo Fiscal",2020,2114,14.3,"Partido Administrativo, Coactivo Fiscal","Partido Administrativo, Coactivo Fiscal",Partido Administrativo Coactivo Fiscal y Tributario,juzgado,dato,False,False
9.1.2,677,capital,materia,"Partido Administrativo, Coactivo Fiscal",2021,2110,14.3,"Partido Administrativo, Coactivo Fiscal","Partido Administrativo, Coactivo Fiscal",Partido Administrativo Coactivo Fiscal y Tributario,juzgado,dato,False,False
9.1.2,677,capital,materia,"Partido Administrativo, Coactivo Fiscal",2022,2518,18.2,"Partido Administrativo, Coactivo Fiscal","Partido Administrativo, Coactivo Fiscal",Partido Administrativo Coactivo Fiscal y Tributario,juzgado,dato,False,False
9.1.2,677,capital,materia,"Partido Administrativo, Coactivo Fiscal",2023,2671,20.2,"Partido Administrativo, Coactivo Fiscal","Partido Administrativo, Coactivo Fiscal",Partido Administrativo Coactivo Fiscal y Tributario,juzgado,dato,False,False
9.1.2,677,capital,materia,Instrucción Penal,2019,61962,45.9,Instrucción Penal,Instrucción Penal,Instrucción Penal,juzgado,dato,False,False
9.1.2,677,capital,materia,Instrucción Penal,2020,46030,59.1,Instrucción Penal,Instrucción Penal,Instrucción Penal,juzgado,dato,False,False
9.1.2,677,capital,materia,Instrucción Penal,2021,56894,59.1,Instrucción Penal,Instrucción Penal,Instrucción Penal,juzgado,dato,False,False
9.1.2,677,capital,materia,Instrucción Penal,2022,51518,53.5,Instrucción Penal,Instrucción Penal,Instrucción Penal,juzgado,dato,False,False
9.1.2,677,capital,materia,Instrucción Penal,2023,60894,62.0,Instrucción Penal,Instrucción Penal,Instrucción Penal,juzgado,dato,False,False
9.1.2,677,capital,materia,Instrucción Contra la Violencia hacia las Mujeres,2019,21229,42.4,Instrucción Contra la Violencia hacia las Mujeres,Instrucción Contra la Violencia hacia las Mujeres,Instrucción Contra la Violencia hacia las Mujeres,juzgado,dato,False,False
9.1.2,677,capital,materia,Instrucción Contra la Violencia hacia las Mujeres,2020,2614,47.4,Instrucción Contra la Violencia hacia las Mujeres,Instrucción Contra la Violencia hacia las Mujeres,Instrucción Contra la Violencia hacia las Mujeres,juzgado,dato,False,False
9.1.2,677,capital,materia,Instrucción Contra la Violencia hacia las Mujeres,2021,27945,33.1,Instrucción Contra la Violencia hacia las Mujeres,Instrucción Contra la Violencia hacia las Mujeres,Instrucción Contra la Violencia hacia las Mujeres,juzgado,dato,False,False
9.1.2,677,capital,materia,Instrucción Contra la Violencia hacia las Mujeres,2022,30968,46.7,Instrucción Contra la Violencia hacia las Mujeres,Instrucción Contra la Violencia hacia las Mujeres,Instrucción Contra la Violencia hacia las Mujeres,juzgado,dato,False,False
9.1.2,677,capital,materia,Instrucción Contra la Violencia hacia las Mujeres,2023,30983,54.5,Instrucción Contra la Violencia hacia las Mujeres,Instrucción Contra la Violencia hacia las Mujeres,Instrucción Contra la Violencia hacia las Mujeres,juzgado,dato,False,False
9.1.2,677,capital,materia,Instrucción Anticorrupción,2019,2005,38.4,Instrucción Anticorrupción,Instrucción Anticorrupción,Instrucción Anticorrupción,juzgado,dato,False,False
9.1.2,677,capital,materia,Instrucción Anticorrupción,2020,23763,33.1,Instrucción Anticorrupción,Instrucción Anticorrupción,Instrucción Anticorrupción,juzgado,dato,False,False
9.1.2,677,capital,materia,Instrucción Anticorrupción,2021,2244,47.4,Instrucción Anticorrupción,Instrucción Anticorrupción,Instrucción Anticorrupción,juzgado,dato,False,False
9.1.2,677,capital,materia,Instrucción Anticorrupción,2022,2887,38.6,Instrucción Anticorrupción,Instrucción Anticorrupción,Instrucción Anticorrupción,juzgado,dato,False,False
9.1.2,677,capital,materia,Instrucción Anticorrupción,2023,1940,45.3,Instrucción Anticorrupción,Instrucción Anticorrupción,Instrucción Anticorrupción,juzgado,dato,False,False
9.1.2,677,capital,materia,Sentencia Penal,2019,5729,22.6,Sentencia Penal,Sentencia Penal,Sentencia Penal,juzgado,dato,False,False
9.1.2,677,capital,materia,Sentencia Penal,2020,6372,25.9,Sentencia Penal,Sentencia Penal,Sentencia Penal,juzgado,dato,False,False
9.1.2,677,capital,materia,Sentencia Penal,2021,9098,25.9,Sentencia Penal,Sentencia Penal,Sentencia Penal,juzgado,dato,False,False
9.1.2,677,capital,materia,Sentencia Penal,2022,9447,25.8,Sentencia Penal,Sentencia Penal,Sentencia Penal,juzgado,dato,False,False
9.1.2,677,capital,materia,Sentencia Penal,2023,12737,32.3,Sentencia Penal,Sentencia Penal,Sentencia Penal,juzgado,dato,False,False
9.1.2,677,capital,materia,Sentencia Anticorrupción,2019,74,15.1,Sentencia Anticorrupción,Sentencia Anticorrupción,Sentencia Anticorrupción,juzgado,dato,False,False
9.1.2,677,capital,materia,Sentencia Anticorrupción,2020,950,13.1,Sentencia Anticorrupción,Sentencia Anticorrupción,Sentencia Anticorrupción,juzgado,dato,False,False
9.1.2,677,capital,materia,Sentencia Anticorrupción,2021,153,18.3,Sentencia Anticorrupción,Sentencia Anticorrupción,Sentencia Anticorrupción,juzgado,dato,False,False
9.1.2,677,capital,materia,Sentencia Anticorrupción,2022,7495,52.6,Sentencia Anticorrupción,Sentencia Anticorrupción,Sentencia Anticorrupción,juzgado,dato,False,False
9.1.2,677,capital,materia,Sentencia Anticorrupción,2023,4347,28.2,Sentencia Anticorrupción,Sentencia Anticorrupción,Sentencia Anticorrupción,juzgado,dato,False,False
9.1.2,677,capital,materia,Sentencia Violencia Contra la Violencia hacia las Mujeres,2019,586,12.6,Sentencia Violencia Contra la Violencia hacia las Mujeres,Sentencia Violencia Contra la Violencia hacia las Mujeres,Sentencia Violencia Contra la Violencia hacia las Mujeres,juzgado,dato,False,False
9.1.2,677,capital,materia,Sentencia Violencia Contra la Violencia hacia las Mujeres,2020,174,18.3,Sentencia Violencia Contra la Violencia hacia las Mujeres,Sentencia Violencia Contra la Violencia hacia las Mujeres,Sentencia Violencia Contra la Violencia hacia las Mujeres,juzgado,dato,False,False
9.1.2,677,capital,materia,Sentencia Violencia Contra la Violencia hacia las Mujeres,2021,1739,13.1,Sentencia Violencia Contra la Violencia hacia las Mujeres,Sentencia Violencia Contra la Violencia hacia las Mujeres,Sentencia Violencia Contra la Violencia hacia las Mujeres,juzgado,dato,False,False
9.1.2,677,capital,materia,Sentencia Violencia Contra la Violencia hacia las Mujeres,2022,264,22.5,Sentencia Violencia Contra la Violencia hacia las Mujeres,Sentencia Violencia Contra la Violencia hacia las Mujeres,Sentencia Violencia Contra la Violencia hacia las Mujeres,juzgado,dato,False,False
9.1.2,677,capital,materia,Sentencia Violencia Contra la Violencia hacia las Mujeres,2023,370,25.1,Sentencia Violencia Contra la Violencia hacia las Mujeres,Sentencia Violencia Contra la Violencia hacia las Mujeres,Sentencia Violencia Contra la Violencia hacia las Mujeres,juzgado,dato,False,False
9.1.2,677,capital,materia,Tribunales de Sentencia Penal,2019,6887,44.7,Tribunales de Sentencia Penal,Tribunales de Sentencia Penal,Tribunales de Sentencia Penal,tribunal,dato,False,False
9.1.2,677,capital,materia,Tribunales de Sentencia Penal,2020,2079,30.0,Tribunales de Sentencia Penal,Tribunales de Sentencia Penal,Tribunales de Sentencia Penal,tribunal,dato,False,False
9.1.2,677,capital,materia,Tribunales de Sentencia Penal,2021,2040,30.0,Tribunales de Sentencia Penal,Tribunales de Sentencia Penal,Tribunales de Sentencia Penal,tribunal,dato,False,False
9.1.2,677,capital,materia,Tribunales de Sentencia Penal,2022,1373,19.2,Tribunales de Sentencia Penal,Tribunales de Sentencia Penal,Tribunales de Sentencia Penal,tribunal,dato,False,False
9.1.2,677,capital,materia,Tribunales de Sentencia Penal,2023,1189,20.0,Tribunales de Sentencia Penal,Tribunales de Sentencia Penal,Tribunales de Sentencia Penal,tribunal,dato,False,False
9.1.2,677,capital,materia,Tribunales de Sentencia Anticorrupción,2019,245,37.1,Tribunales de Sentencia Anticorrupción,Tribunales de Sentencia Anticorrupción,Tribunales de Sentencia Anticorrupción,tribunal,dato,False,False
9.1.2,677,capital,materia,Tribunales de Sentencia Anticorrupción,2020,503,30.3,Tribunales de Sentencia Anticorrupción,Tribunales de Sentencia Anticorrupción,Tribunales de Sentencia Anticorrupción,tribunal,dato,False,False
9.1.2,677,capital,materia,Tribunales de Sentencia Anticorrupción,2021,125,37.2,Tribunales de Sentencia Anticorrupción,Tribunales de Sentencia Anticorrupción,Tribunales de Sentencia Anticorrupción,tribunal,dato,False,False
9.1.2,677,capital,materia,Tribunales de Sentencia Anticorrupción,2022,1030,31.3,Tribunales de Sentencia Anticorrupción,Tribunales de Sentencia Anticorrupción,Tribunales de Sentencia Anticorrupción,tribunal,dato,False,False
9.1.2,677,capital,materia,Tribunales de Sentencia Anticorrupción,2023,1060,30.4,Tribunales de Sentencia Anticorrupción,Tribunales de Sentencia Anticorrupción,Tribunales de Sentencia Anticorrupción,tribunal,dato,False,False
9.1.2,677,capital,materia,Tribunales de Sentencia Contra la Violencia hacia las Mujeres,2019,853,43.7,Tribunales de Sentencia Contra la Violencia hacia las Mujeres,Tribunales de Sentencia Contra la Violencia hacia las Mujeres,Tribunales de Sentencia Contra la Violencia hacia las Mujeres,tribunal,dato,False,False
9.1.2,677,capital,materia,Tribunales de Sentencia Contra la Violencia hacia las Mujeres,2020,71,37.2,Tribunales de Sentencia Contra la Violencia hacia las Mujeres,Tribunales de Sentencia Contra la Violencia hacia las Mujeres,Tribunales de Sentencia Contra la Violencia hacia las Mujeres,tribunal,dato,False,False
9.1.2,677,capital,materia,Tribunales de Sentencia Contra la Violencia hacia las Mujeres,2021,704,30.3,Tribunales de Sentencia Contra la Violencia hacia las Mujeres,Tribunales de Sentencia Contra la Violencia hacia las Mujeres,Tribunales de Sentencia Contra la Violencia hacia las Mujeres,tribunal,dato,False,False
9.1.2,677,capital,materia,Tribunales de Sentencia Contra la Violencia hacia las Mujeres,2022,122,22.1,Tribunales de Sentencia Contra la Violencia hacia las Mujeres,Tribunales de Sentencia Contra la Violencia hacia las Mujeres,Tribunales de Sentencia Contra la Violencia hacia las Mujeres,tribunal,dato,False,False
9.1.2,677,capital,materia,Tribunales de Sentencia Contra la Violencia hacia las Mujeres,2023,203,31.5,Tribunales de Sentencia Contra la Violencia hacia las Mujeres,Tribunales de Sentencia Contra la Violencia hacia las Mujeres,Tribunales de Sentencia Contra la Violencia hacia las Mujeres,tribunal,dato,False,False
9.1.2,677,capital,materia,Ejecución Penal,2019,3068,15.5,Ejecución Penal,Ejecución Penal,Ejecución Penal,juzgado,dato,False,False
9.1.2,677,capital,materia,Ejecución Penal,2020,7348,18.6,Ejecución Penal,Ejecución Penal,Ejecución Penal,juzgado,dato,False,False
9.1.2,677,capital,materia,Ejecución Penal,2021,7850,18.6,Ejecución Penal,Ejecución Penal,Ejecución Penal,juzgado,dato,False,False
9.1.2,677,capital,materia,Ejecución Penal,2022,8852,18.5,Ejecución Penal,Ejecución Penal,Ejecución Penal,juzgado,dato,False,False
9.1.2,677,capital,materia,Ejecución Penal,2023,8992,16.6,Ejecución Penal,Ejecución Penal,Ejecución Penal,juzgado,dato,False,False
9.1.2,677,capital,materia,TOTAL CAUSAS RESUELTAS,2019,235896,48.0,TOTAL CAUSAS RESUELTAS,TOTAL CAUSAS RESUELTAS,TOTAL CAUSAS RESUELTAS,,total,False,False
9.1.2,677,capital,materia,TOTAL CAUSAS RESUELTAS,2020,183849,49.1,TOTAL CAUSAS RESUELTAS,TOTAL CAUSAS RESUELTAS,TOTAL CAUSAS RESUELTAS,,total,False,False
9.1.2,677,capital,materia,TOTAL CAUSAS RESUELTAS,2021,238575,49.1,TOTAL CAUSAS RESUELTAS,TOTAL CAUSAS RESUELTAS,TOTAL CAUSAS RESUELTAS,,total,False,False
9.1.2,677,capital,materia,TOTAL CAUSAS RESUELTAS,2022,250495,48.7,TOTAL CAUSAS RESUELTAS,TOTAL CAUSAS RESUELTAS,TOTAL CAUSAS RESUELTAS,,total,False,False
9.1.2,677,capital,materia,TOTAL CAUSAS RESUELTAS,2023,274862,52.8,TOTAL CAUSAS RESUELTAS,TOTAL CAUSAS RESUELTAS,TOTAL CAUSAS RESUELTAS,,total,False,False
9.1.6,691,provincia,materia,Público Civil y Comercial,2019,16688,63.1,Público Civil y Comercial,Público Civil y Comercial,Público Civil y Comercial,juzgado,dato,False,False
9.1.6,691,provincia,materia,Público Civil y Comercial,2020,15736,61.1,Público Civil y Comercial,Público Civil y Comercial,Público Civil y Comercial,juzgado,dato,False,False
9.1.6,691,provincia,materia,Público Civil y Comercial,2021,21641,65.7,Público Civil y Comercial,Público Civil y Comercial,Público Civil y Comercial,juzgado,dato,False,False
9.1.6,691,provincia,materia,Público Civil y Comercial,2022,26574,63.5,Público Civil y Comercial,Público Civil y Comercial,Público Civil y Comercial,juzgado,dato,False,False
9.1.6,691,provincia,materia,Público Civil y Comercial,2023,26981,65.7,Público Civil y Comercial,Público Civil y Comercial,Público Civil y Comercial,juzgado,dato,False,False
9.1.6,691,provincia,materia,Público de Familia,2019,19535,56.0,Público de Familia,Público de Familia,Público de Familia,juzgado,dato,False,False
9.1.6,691,provincia,materia,Público de Familia,2020,18417,53.0,Público de Familia,Público de Familia,Público de Familia,juzgado,dato,False,False
9.1.6,691,provincia,materia,Público de Familia,2021,22444,58.4,Público de Familia,Público de Familia,Público de Familia,juzgado,dato,False,False
9.1.6,691,provincia,materia,Público de Familia,2022,26476,55.1,Público de Familia,Público de Familia,Público de Familia,juzgado,dato,False,False
9.1.6,691,provincia,materia,Público de Familia,2023,26687,58.4,Público de Familia,Público de Familia,Público de Familia,juzgado,dato,False,False
9.1.6,691,provincia,materia,Público Niñez y Adolescencia,2019,3057,46.7,Público Niñez y Adolescencia,Público Niñez y Adolescencia,Público Niñez y Adolescencia,juzgado,dato,False,False
9.1.6,691,provincia,materia,Público Niñez y Adolescencia,2020,2002,37.5,Público Niñez y Adolescencia,Público Niñez y Adolescencia,Público Niñez y Adolescencia,juzgado,dato,False,False
9.1.6,691,provincia,materia,Público Niñez y Adolescencia,2021,1978,37.5,Público Niñez y Adolescencia,Público Niñez y Adolescencia,Público Niñez y Adolescencia,juzgado,dato,False,False
9.1.6,691,provincia,materia,Público Niñez y Adolescencia,2022,2350,52.3,Público Niñez y Adolescencia,Público Niñez y Adolescencia,Público Niñez y Adolescencia,juzgado,dato,False,False
9.1.6,691,provincia,materia,Público Niñez y Adolescencia,2023,3344,57.0,Público Niñez y Adolescencia,Público Niñez y Adolescencia,Público Niñez y Adolescencia,juzgado,dato,False,False
9.1.6,691,provincia,materia,Partido Trabajo y Seguridad Social,2019,2332,52.9,Partido Trabajo y Seguridad Social,Partido Trabajo y Seguridad Social,Partido de Trabajo y Seguridad Social,juzgado,dato,False,False
9.1.6,691,provincia,materia,Partido Trabajo y Seguridad Social,2020,1219,45.8,Partido Trabajo y Seguridad Social,Partido Trabajo y Seguridad Social,Partido de Trabajo y Seguridad Social,juzgado,dato,False,False
9.1.6,691,provincia,materia,Partido Trabajo y Seguridad Social,2021,1469,45.8,Partido Trabajo y Seguridad Social,Partido Trabajo y Seguridad Social,Partido de Trabajo y Seguridad Social,juzgado,dato,False,False
9.1.6,691,provincia,materia,Partido Trabajo y Seguridad Social,2022,2066,39.0,Partido Trabajo y Seguridad Social,Partido Trabajo y Seguridad Social,Partido de Trabajo y Seguridad Social,juzgado,dato,False,False
9.1.6,691,provincia,materia,Partido Trabajo y Seguridad Social,2023,2644,41.6,Partido Trabajo y Seguridad Social,Partido Trabajo y Seguridad Social,Partido de Trabajo y Seguridad Social,juzgado,dato,False,False
9.1.6,691,provincia,materia,Instrucción Penal,2019,31726,44.4,Instrucción Penal,Instrucción Penal,Instrucción Penal,juzgado,dato,False,False
9.1.6,691,provincia,materia,Instrucción Penal,2020,25317,50.8,Instrucción Penal,Instrucción Penal,Instrucción Penal,juzgado,dato,False,False
9.1.6,691,provincia,materia,Instrucción Penal,2021,26052,47.5,Instrucción Penal,Instrucción Penal,Instrucción Penal,juzgado,dato,False,False
9.1.6,691,provincia,materia,Instrucción Penal,2022,22842,41.2,Instrucción Penal,Instrucción Penal,Instrucción Penal,juzgado,dato,False,False
9.1.6,691,provincia,materia,Instrucción Penal,2023,25350,47.5,Instrucción Penal,Instrucción Penal,Instrucción Penal,juzgado,dato,False,False
9.1.6,691,provincia,materia,Instrucción Contra la Violencia hacia las Mujeres,2019,15340,43.6,Instrucción Contra la Violencia hacia las Mujeres,Instrucción Contra la Violencia hacia las Mujeres,Instrucción Contra la Violencia hacia las Mujeres,juzgado,dato,False,False
9.1.6,691,provincia,materia,Instrucción Contra la Violencia hacia las Mujeres,2020,11646,54.0,Instrucción Contra la Violencia hacia las Mujeres,Instrucción Contra la Violencia hacia las Mujeres,Instrucción Contra la Violencia hacia las Mujeres,juzgado,dato,False,False
9.1.6,691,provincia,materia,Instrucción Contra la Violencia hacia las Mujeres,2021,16372,50.2,Instrucción Contra la Violencia hacia las Mujeres,Instrucción Contra la Violencia hacia las Mujeres,Instrucción Contra la Violencia hacia las Mujeres,juzgado,dato,False,False
9.1.6,691,provincia,materia,Instrucción Contra la Violencia hacia las Mujeres,2022,14308,41.2,Instrucción Contra la Violencia hacia las Mujeres,Instrucción Contra la Violencia hacia las Mujeres,Instrucción Contra la Violencia hacia las Mujeres,juzgado,dato,False,False
9.1.6,691,provincia,materia,Instrucción Contra la Violencia hacia las Mujeres,2023,15780,50.2,Instrucción Contra la Violencia hacia las Mujeres,Instrucción Contra la Violencia hacia las Mujeres,Instrucción Contra la Violencia hacia las Mujeres,juzgado,dato,False,False
9.1.6,691,provincia,materia,Instrucción Anticorrupción,2019,289,47.0,Instrucción Anticorrupción,Instrucción Anticorrupción,Instrucción Anticorrupción,juzgado,dato,False,False
9.1.6,691,provincia,materia,Instrucción Anticorrupción,2020,246,47.1,Instrucción Anticorrupción,Instrucción Anticorrupción,Instrucción Anticorrupción,juzgado,dato,False,False
9.1.6,691,provincia,materia,Instrucción Anticorrupción,2021,258,41.9,Instrucción Anticorrupción,Instrucción Anticorrupción,Instrucción Anticorrupción,juzgado,dato,False,False
9.1.6,691,provincia,materia,Instrucción Anticorrupción,2022,219,36.7,Instrucción Anticorrupción,Instrucción Anticorrupción,Instrucción Anticorrupción,juzgado,dato,False,False
9.1.6,691,provincia,materia,Instrucción Anticorrupción,2023,252,41.9,Instrucción Anticorrupción,Instrucción Anticorrupción,Instrucción Anticorrupción,juzgado,dato,False,False
9.1.6,691,provincia,materia,Sentencia Penal,2019,6760,23.5,Sentencia Penal,Sentencia Penal,Sentencia Penal,juzgado,dato,False,False
9.1.6,691,provincia,materia,Sentencia Penal,2020,1769,20.1,Sentencia Penal,Sentencia Penal,Sentencia Penal,juzgado,dato,False,False
9.1.6,691,provincia,materia,Sentencia Penal,2021,2596,26.9,Sentencia Penal,Sentencia Penal,Sentencia Penal,juzgado,dato,False,False
9.1.6,691,provincia,materia,Sentencia Penal,2022,2903,24.2,Sentencia Penal,Sentencia Penal,Sentencia Penal,juzgado,dato,False,False
9.1.6,691,provincia,materia,Sentencia Penal,2023,3720,26.9,Sentencia Penal,Sentencia Penal,Sentencia Penal,juzgado,dato,False,False
9.1.6,691,provincia,materia,Sentencia Violencia Contra la Violencia hacia las Mujeres,2019,1386,19.5,Sentencia Violencia Contra la Violencia hacia las Mujeres,Sentencia Violencia Contra la Violencia hacia las Mujeres,Sentencia Violencia Contra la Violencia hacia las Mujeres,juzgado,dato,False,False
9.1.6,691,provincia,materia,Sentencia Violencia Contra la Violencia hacia las Mujeres,2020,283,17.4,Sentencia Violencia Contra la Violencia hacia las Mujeres,Sentencia Violencia Contra la Violencia hacia las Mujeres,Sentencia Violencia Contra la Violencia hacia las Mujeres,juzgado,dato,False,False
9.1.6,691,provincia,materia,Sentencia Violencia Contra la Violencia hacia las Mujeres,2021,28,21.7,Sentencia Violencia Contra la Violencia hacia las Mujeres,Sentencia Violencia Contra la Violencia hacia las Mujeres,Sentencia Violencia Contra la Violencia hacia las Mujeres,juzgado,dato,False,False
9.1.6,691,provincia,materia,Sentencia Violencia Contra la Violencia hacia las Mujeres,2022,1468,28.9,Sentencia Violencia Contra la Violencia hacia las Mujeres,Sentencia Violencia Contra la Violencia hacia las Mujeres,Sentencia Violencia Contra la Violencia hacia las Mujeres,juzgado,dato,False,False
9.1.6,691,provincia,materia,Sentencia Violencia Contra la Violencia hacia las Mujeres,2023,1258,21.7,Sentencia Violencia Contra la Violencia hacia las Mujeres,Sentencia Violencia Contra la Violencia hacia las Mujeres,Sentencia Violencia Contra la Violencia hacia las Mujeres,juzgado,dato,False,False
9.1.6,691,provincia,materia,Sentencia Anticorrupción,2019,388,27.9,Sentencia Anticorrupción,Sentencia Anticorrupción,Sentencia Anticorrupción,juzgado,dato,False,False
9.1.6,691,provincia,materia,Sentencia Anticorrupción,2020,25,23.0,Sentencia Anticorrupción,Sentencia Anticorrupción,Sentencia Anticorrupción,juzgado,dato,False,False
9.1.6,691,provincia,materia,Sentencia Anticorrupción,2021,588,33.3,Sentencia Anticorrupción,Sentencia Anticorrupción,Sentencia Anticorrupción,juzgado,dato,False,False
9.1.6,691,provincia,materia,Sentencia Anticorrupción,2022,79,50.3,Sentencia Anticorrupción,Sentencia Anticorrupción,Sentencia Anticorrupción,juzgado,dato,False,False
9.1.6,691,provincia,materia,Sentencia Anticorrupción,2023,56,33.3,Sentencia Anticorrupción,Sentencia Anticorrupción,Sentencia Anticorrupción,juzgado,dato,False,False
9.1.6,691,provincia,materia,Tribunales de Sentencia Penal,2019,4192,29.0,Tribunales de Sentencia Penal,Tribunales de Sentencia Penal,Tribunales de Sentencia Penal,tribunal,dato,False,False
9.1.6,691,provincia,materia,Tribunales de Sentencia Penal,2020,1031,12.8,Tribunales de Sentencia Penal,Tribunales de Sentencia Penal,Tribunales de Sentencia Penal,tribunal,dato,False,False
9.1.6,691,provincia,materia,Tribunales de Sentencia Penal,2021,663,11.2,Tribunales de Sentencia Penal,Tribunales de Sentencia Penal,Tribunales de Sentencia Penal,tribunal,dato,False,False
9.1.6,691,provincia,materia,Tribunales de Sentencia Penal,2022,599,9.9,Tribunales de Sentencia Penal,Tribunales de Sentencia Penal,Tribunales de Sentencia Penal,tribunal,dato,False,False
9.1.6,691,provincia,materia,Tribunales de Sentencia Penal,2023,622,11.2,Tribunales de Sentencia Penal,Tribunales de Sentencia Penal,Tribunales de Sentencia Penal,tribunal,dato,False,False
9.1.6,691,provincia,materia,Tribunales de Sentencia Contra la Violencia hacia las Mujeres,2019,745,33.8,Tribunales de Sentencia Contra la Violencia hacia las Mujeres,Tribunales de Sentencia Contra la Violencia hacia las Mujeres,Tribunales de Sentencia Contra la Violencia hacia las Mujeres,tribunal,dato,False,False
9.1.6,691,provincia,materia,Tribunales de Sentencia Contra la Violencia hacia las Mujeres,2020,158,19.4,Tribunales de Sentencia Contra la Violencia hacia las Mujeres,Tribunales de Sentencia Contra la Violencia hacia las Mujeres,Tribunales de Sentencia Contra la Violencia hacia las Mujeres,tribunal,dato,False,False
9.1.6,691,provincia,materia,Tribunales de Sentencia Contra la Violencia hacia las Mujeres,2021,26,15.9,Tribunales de Sentencia Contra la Violencia hacia las Mujeres,Tribunales de Sentencia Contra la Violencia hacia las Mujeres,Tribunales de Sentencia Contra la Violencia hacia las Mujeres,tribunal,dato,False,False
9.1.6,691,provincia,materia,Tribunales de Sentencia Contra la Violencia hacia las Mujeres,2022,598,22.1,Tribunales de Sentencia Contra la Violencia hacia las Mujeres,Tribunales de Sentencia Contra la Violencia hacia las Mujeres,Tribunales de Sentencia Contra la Violencia hacia las Mujeres,tribunal,dato,False,False
9.1.6,691,provincia,materia,Tribunales de Sentencia Contra la Violencia hacia las Mujeres,2023,673,15.9,Tribunales de Sentencia Contra la Violencia hacia las Mujeres,Tribunales de Sentencia Contra la Violencia hacia las Mujeres,Tribunales de Sentencia Contra la Violencia hacia las Mujeres,tribunal,dato,False,False
9.1.6,691,provincia,materia,Tribunales de Sentencia Anticorrupción,2019,128,31.9,Tribunales de Sentencia Anticorrupción,Tribunales de Sentencia Anticorrupción,Tribunales de Sentencia Anticorrupción,tribunal,dato,False,False
9.1.6,691,provincia,materia,Tribunales de Sentencia Anticorrupción,2020,50,19.8,Tribunales de Sentencia Anticorrupción,Tribunales de Sentencia Anticorrupción,Tribunales de Sentencia Anticorrupción,tribunal,dato,False,False
9.1.6,691,provincia,materia,Tribunales de Sentencia Anticorrupción,2021,304,31.8,Tribunales de Sentencia Anticorrupción,Tribunales de Sentencia Anticorrupción,Tribunales de Sentencia Anticorrupción,tribunal,dato,False,False
9.1.6,691,provincia,materia,Tribunales de Sentencia Anticorrupción,2022,26,38.0,Tribunales de Sentencia Anticorrupción,Tribunales de Sentencia Anticorrupción,Tribunales de Sentencia Anticorrupción,tribunal,dato,False,False
9.1.6,691,provincia,materia,Tribunales de Sentencia Anticorrupción,2023,28,31.8,Tribunales de Sentencia Anticorrupción,Tribunales de Sentencia Anticorrupción,Tribunales de Sentencia Anticorrupción,tribunal,dato,False,False
9.1.6,691,provincia,materia,Ejecución Penal,2019,,,Ejecución Penal,Ejecución Penal,Ejecución Penal,juzgado,dato,False,False
9.1.6,691,provincia,materia,Ejecución Penal,2020,,,Ejecución Penal,Ejecución Penal,Ejecución Penal,juzgado,dato,False,False
9.1.6,691,provincia,materia,Ejecución Penal,2021,,,Ejecución Penal,Ejecución Penal,Ejecución Penal,juzgado,dato,False,False
9.1.6,691,provincia,materia,Ejecución Penal,2022,,,Ejecución Penal,Ejecución Penal,Ejecución Penal,juzgado,dato,False,False
9.1.6,691,provincia,materia,Ejecución Penal,2023,76,9.5,Ejecución Penal,Ejecución Penal,Ejecución Penal,juzgado,dato,False,False
9.1.6,691,provincia,materia,TOTAL CAUSAS RESUELTAS,2019,102566,49.6,TOTAL CAUSAS RESUELTAS,TOTAL CAUSAS RESUELTAS,TOTAL CAUSAS RESUELTAS,,total,False,False
9.1.6,691,provincia,materia,TOTAL CAUSAS RESUELTAS,2020,77899,49.3,TOTAL CAUSAS RESUELTAS,TOTAL CAUSAS RESUELTAS,TOTAL CAUSAS RESUELTAS,,total,False,False
9.1.6,691,provincia,materia,TOTAL CAUSAS RESUELTAS,2021,94419,50.0,TOTAL CAUSAS RESUELTAS,TOTAL CAUSAS RESUELTAS,TOTAL CAUSAS RESUELTAS,,total,False,False
9.1.6,691,provincia,materia,TOTAL CAUSAS RESUELTAS,2022,100508,46.5,TOTAL CAUSAS RESUELTAS,TOTAL CAUSAS RESUELTAS,TOTAL CAUSAS RESUELTAS,,total,False,False
9.1.6,691,provincia,materia,TOTAL CAUSAS RESUELTAS,2023,107395,50.0,TOTAL CAUSAS RESUELTAS,TOTAL CAUSAS RESUELTAS,TOTAL CAUSAS RESUELTAS,,total,False,False
9.1.10,705,nacional,materia,Público Civil y Comercial,2019,43652,67.4,Público Civil y Comercial,Público Civil y Comercial,Público Civil y Comercial,juzgado,dato,False,False
9.1.10,705,nacional,materia,Público Civil y Comercial,2020,54092,65.0,Público Civil y Comercial,Público Civil y Comercial,Público Civil y Comercial,juzgado,dato,False,False
9.1.10,705,nacional,materia,Público Civil y Comercial,2021,73869,65.0,Público Civil y Comercial,Público Civil y Comercial,Público Civil y Comercial,juzgado,dato,False,False
9.1.10,705,nacional,materia,Público Civil y Comercial,2022,85221,66.4,Público Civil y Comercial,Público Civil y Comercial,Público Civil y Comercial,juzgado,dato,False,False
9.1.10,705,nacional,materia,Público Civil y Comercial,2023,94769,69.2,Público Civil y Comercial,Público Civil y Comercial,Público Civil y Comercial,juzgado,dato,False,False
9.1.10,705,nacional,materia,Público de Familia,2019,49120,59.7,Público de Familia,Público de Familia,Público de Familia,juzgado,dato,False,False
9.1.10,705,nacional,materia,Público de Familia,2020,53219,61.2,Público de Familia,Público de Familia,Público de Familia,juzgado,dato,False,False
9.1.10,705,nacional,materia,Público de Familia,2021,75566,61.2,Público de Familia,Público de Familia,Público de Familia,juzgado,dato,False,False
9.1.10,705,nacional,materia,Público de Familia,2022,79161,61.9,Público de Familia,Público de Familia,Público de Familia,juzgado,dato,False,False
9.1.10,705,nacional,materia,Público de Familia,2023,79210,65.7,Público de Familia,Público de Familia,Público de Familia,juzgado,dato,False,False
9.1.10,705,nacional,materia,Público Niñez y Adolescencia,2019,9243,54.5,Público Niñez y Adolescencia,Público Niñez y Adolescencia,Público Niñez y Adolescencia,juzgado,dato,False,False
9.1.10,705,nacional,materia,Público Niñez y Adolescencia,2020,7178,54.6,Público Niñez y Adolescencia,Público Niñez y Adolescencia,Público Niñez y Adolescencia,juzgado,dato,False,False
9.1.10,705,nacional,materia,Público Niñez y Adolescencia,2021,8942,54.6,Público Niñez y Adolescencia,Público Niñez y Adolescencia,Público Niñez y Adolescencia,juzgado,dato,False,False
9.1.10,705,nacional,materia,Público Niñez y Adolescencia,2022,9110,67.2,Público Niñez y Adolescencia,Público Niñez y Adolescencia,Público Niñez y Adolescencia,juzgado,dato,False,False
9.1.10,705,nacional,materia,Público Niñez y Adolescencia,2023,11712,64.1,Público Niñez y Adolescencia,Público Niñez y Adolescencia,Público Niñez y Adolescencia,juzgado,dato,False,False
9.1.10,705,nacional,materia,Partido Trabajo y Seguridad Social,2019,27393,37.1,Partido Trabajo y Seguridad Social,Partido Trabajo y Seguridad Social,Partido de Trabajo y Seguridad Social,juzgado,dato,False,False
9.1.10,705,nacional,materia,Partido Trabajo y Seguridad Social,2020,14716,37.9,Partido Trabajo y Seguridad Social,Partido Trabajo y Seguridad Social,Partido de Trabajo y Seguridad Social,juzgado,dato,False,False
9.1.10,705,nacional,materia,Partido Trabajo y Seguridad Social,2021,16831,37.9,Partido Trabajo y Seguridad Social,Partido Trabajo y Seguridad Social,Partido de Trabajo y Seguridad Social,juzgado,dato,False,False
9.1.10,705,nacional,materia,Partido Trabajo y Seguridad Social,2022,17995,38.6,Partido Trabajo y Seguridad Social,Partido Trabajo y Seguridad Social,Partido de Trabajo y Seguridad Social,juzgado,dato,False,False
9.1.10,705,nacional,materia,Partido Trabajo y Seguridad Social,2023,23441,45.7,Partido Trabajo y Seguridad Social,Partido Trabajo y Seguridad Social,Partido de Trabajo y Seguridad Social,juzgado,dato,False,False
9.1.10,705,nacional,materia,"Partido Administrativo, Coactivo Fiscal",2019,11575,15.2,"Partido Administrativo, Coactivo Fiscal","Partido Administrativo, Coactivo Fiscal",Partido Administrativo Coactivo Fiscal y Tributario,juzgado,dato,False,False
9.1.10,705,nacional,materia,"Partido Administrativo, Coactivo Fiscal",2020,2114,14.3,"Partido Administrativo, Coactivo Fiscal","Partido Administrativo, Coactivo Fiscal",Partido Administrativo Coactivo Fiscal y Tributario,juzgado,dato,False,False
9.1.10,705,nacional,materia,"Partido Administrativo, Coactivo Fiscal",2021,2110,14.3,"Partido Administrativo, Coactivo Fiscal","Partido Administrativo, Coactivo Fiscal",Partido Administrativo Coactivo Fiscal y Tributario,juzgado,dato,False,False
9.1.10,705,nacional,materia,"Partido Administrativo, Coactivo Fiscal",2022,2518,18.2,"Partido Administrativo, Coactivo Fiscal","Partido Administrativo, Coactivo Fiscal",Partido Administrativo Coactivo Fiscal y Tributario,juzgado,dato,False,False
9.1.10,705,nacional,materia,"Partido Administrativo, Coactivo Fiscal",2023,2671,20.2,"Partido Administrativo, Coactivo Fiscal","Partido Administrativo, Coactivo Fiscal",Partido Administrativo Coactivo Fiscal y Tributario,juzgado,dato,False,False
9.1.10,705,nacional,materia,Instrucción Penal,2019,104660,45.5,Instrucción Penal,Instrucción Penal,Instrucción Penal,juzgado,dato,False,False
9.1.10,705,nacional,materia,Instrucción Penal,2020,71347,56.2,Instrucción Penal,Instrucción Penal,Instrucción Penal,juzgado,dato,False,False
9.1.10,705,nacional,materia,Instrucción Penal,2021,82946,56.2,Instrucción Penal,Instrucción Penal,Instrucción Penal,juzgado,dato,False,False
9.1.10,705,nacional,materia,Instrucción Penal,2022,74360,49.6,Instrucción Penal,Instrucción Penal,Instrucción Penal,juzgado,dato,False,False
9.1.10,705,nacional,materia,Instrucción Penal,2023,86244,56.5,Instrucción Penal,Instrucción Penal,Instrucción Penal,juzgado,dato,False,False
9.1.10,705,nacional,materia,Instrucción Contra la Violencia hacia las Mujeres,2019,44205,42.8,Instrucción Contra la Violencia hacia las Mujeres,Instrucción Contra la Violencia hacia las Mujeres,Instrucción Contra la Violencia hacia las Mujeres,juzgado,dato,False,False
9.1.10,705,nacional,materia,Instrucción Contra la Violencia hacia las Mujeres,2020,35409,49.7,Instrucción Contra la Violencia hacia las Mujeres,Instrucción Contra la Violencia hacia las Mujeres,Instrucción Contra la Violencia hacia las Mujeres,juzgado,dato,False,False
9.1.10,705,nacional,materia,Instrucción Contra la Violencia hacia las Mujeres,2021,44317,34.1,Instrucción Contra la Violencia hacia las Mujeres,Instrucción Contra la Violencia hacia las Mujeres,Instrucción Contra la Violencia hacia las Mujeres,juzgado,dato,False,False
9.1.10,705,nacional,materia,Instrucción Contra la Violencia hacia las Mujeres,2022,45276,50.5,Instrucción Contra la Violencia hacia las Mujeres,Instrucción Contra la Violencia hacia las Mujeres,Instrucción Contra la Violencia hacia las Mujeres,juzgado,dato,False,False
9.1.10,705,nacional,materia,Instrucción Contra la Violencia hacia las Mujeres,2023,46763,51.6,Instrucción Contra la Violencia hacia las Mujeres,Instrucción Contra la Violencia hacia las Mujeres,Instrucción Contra la Violencia hacia las Mujeres,juzgado,dato,False,False
9.1.10,705,nacional,materia,Instrucción Anticorrupción,2019,3510,39.2,Instrucción Anticorrupción,Instrucción Anticorrupción,Instrucción Anticorrupción,juzgado,dato,False,False
9.1.10,705,nacional,materia,Instrucción Anticorrupción,2020,2860,34.1,Instrucción Anticorrupción,Instrucción Anticorrupción,Instrucción Anticorrupción,juzgado,dato,False,False
9.1.10,705,nacional,materia,Instrucción Anticorrupción,2021,2502,49.7,Instrucción Anticorrupción,Instrucción Anticorrupción,Instrucción Anticorrupción,juzgado,dato,False,False
9.1.10,705,nacional,materia,Instrucción Anticorrupción,2022,3106,33.5,Instrucción Anticorrupción,Instrucción Anticorrupción,Instrucción Anticorrupción,juzgado,dato,False,False
9.1.10,705,nacional,materia,Instrucción Anticorrupción,2023,2192,43.8,Instrucción Anticorrupción,Instrucción Anticorrupción,Instrucción Anticorrupción,juzgado,dato,False,False
9.1.10,705,nacional,materia,Sentencia Penal,2019,26432,22.8,Sentencia Penal,Sentencia Penal,Sentencia Penal,juzgado,dato,False,False
9.1.10,705,nacional,materia,Sentencia Penal,2020,8141,24.3,Sentencia Penal,Sentencia Penal,Sentencia Penal,juzgado,dato,False,False
9.1.10,705,nacional,materia,Sentencia Penal,2021,11694,24.3,Sentencia Penal,Sentencia Penal,Sentencia Penal,juzgado,dato,False,False
9.1.10,705,nacional,materia,Sentencia Penal,2022,12350,25.4,Sentencia Penal,Sentencia Penal,Sentencia Penal,juzgado,dato,False,False
9.1.10,705,nacional,materia,Sentencia Penal,2023,16457,30.9,Sentencia Penal,Sentencia Penal,Sentencia Penal,juzgado,dato,False,False
9.1.10,705,nacional,materia,Sentencia Anticorrupción,2019,5453,14.4,Sentencia Anticorrupción,Sentencia Anticorrupción,Sentencia Anticorrupción,juzgado,dato,False,False
9.1.10,705,nacional,materia,Sentencia Anticorrupción,2020,1233,18.0,Sentencia Anticorrupción,Sentencia Anticorrupción,Sentencia Anticorrupción,juzgado,dato,False,False
9.1.10,705,nacional,materia,Sentencia Anticorrupción,2021,181,14.0,Sentencia Anticorrupción,Sentencia Anticorrupción,Sentencia Anticorrupción,juzgado,dato,False,False
9.1.10,705,nacional,materia,Sentencia Anticorrupción,2022,8963,46.9,Sentencia Anticorrupción,Sentencia Anticorrupción,Sentencia Anticorrupción,juzgado,dato,False,False
9.1.10,705,nacional,materia,Sentencia Anticorrupción,2023,5605,26.4,Sentencia Anticorrupción,Sentencia Anticorrupción,Sentencia Anticorrupción,juzgado,dato,False,False
9.1.10,705,nacional,materia,Sentencia Violencia C M.,2019,804,21.8,Sentencia Violencia C M.,Sentencia Violencia C M.,Sentencia Violencia C M.,juzgado,dato,False,False
9.1.10,705,nacional,materia,Sentencia Violencia C M.,2020,199,14.0,Sentencia Violencia C M.,Sentencia Violencia C M.,Sentencia Violencia C M.,juzgado,dato,False,False
9.1.10,705,nacional,materia,Sentencia Violencia C M.,2021,2327,18.0,Sentencia Violencia C M.,Sentencia Violencia C M.,Sentencia Violencia C M.,juzgado,dato,False,False
9.1.10,705,nacional,materia,Sentencia Violencia C M.,2022,343,25.9,Sentencia Violencia C M.,Sentencia Violencia C M.,Sentencia Violencia C M.,juzgado,dato,False,False
9.1.10,705,nacional,materia,Sentencia Violencia C M.,2023,426,25.9,Sentencia Violencia C M.,Sentencia Violencia C M.,Sentencia Violencia C M.,juzgado,dato,False,False
9.1.10,705,nacional,materia,Tribunales de Sentencia Penal,2019,12728,40.3,Tribunales de Sentencia Penal,Tribunales de Sentencia Penal,Tribunales de Sentencia Penal,tribunal,dato,False,False
9.1.10,705,nacional,materia,Tribunales de Sentencia Penal,2020,3110,22.6,Tribunales de Sentencia Penal,Tribunales de Sentencia Penal,Tribunales de Sentencia Penal,tribunal,dato,False,False
9.1.10,705,nacional,materia,Tribunales de Sentencia Penal,2021,2703,22.6,Tribunales de Sentencia Penal,Tribunales de Sentencia Penal,Tribunales de Sentencia Penal,tribunal,dato,False,False
9.1.10,705,nacional,materia,Tribunales de Sentencia Penal,2022,1972,15.5,Tribunales de Sentencia Penal,Tribunales de Sentencia Penal,Tribunales de Sentencia Penal,tribunal,dato,False,False
9.1.10,705,nacional,materia,Tribunales de Sentencia Penal,2023,1811,15.7,Tribunales de Sentencia Penal,Tribunales de Sentencia Penal,Tribunales de Sentencia Penal,tribunal,dato,False,False
9.1.10,705,nacional,materia,Tribunales de Sentencia Anticorrupción,2019,1842,59.9,Tribunales de Sentencia Anticorrupción,Tribunales de Sentencia Anticorrupción,Tribunales de Sentencia Anticorrupción,tribunal,dato,False,False
9.1.10,705,nacional,materia,Tribunales de Sentencia Anticorrupción,2020,661,70.9,Tribunales de Sentencia Anticorrupción,Tribunales de Sentencia Anticorrupción,Tribunales de Sentencia Anticorrupción,tribunal,dato,False,False
9.1.10,705,nacional,materia,Tribunales de Sentencia Anticorrupción,2021,151,27.8,Tribunales de Sentencia Anticorrupción,Tribunales de Sentencia Anticorrupción,Tribunales de Sentencia Anticorrupción,tribunal,dato,False,False
9.1.10,705,nacional,materia,Tribunales de Sentencia Anticorrupción,2022,1628,27.8,Tribunales de Sentencia Anticorrupción,Tribunales de Sentencia Anticorrupción,Tribunales de Sentencia Anticorrupción,tribunal,dato,False,False
9.1.10,705,nacional,materia,Tribunales de Sentencia Anticorrupción,2023,1733,22.5,Tribunales de Sentencia Anticorrupción,Tribunales de Sentencia Anticorrupción,Tribunales de Sentencia Anticorrupción,tribunal,dato,False,False
9.1.10,705,nacional,materia,Tribunales de Sentencia Contra la Violencia hacia las Mujeres,2019,544,35.9,Tribunales de Sentencia Contra la Violencia hacia las Mujeres,Tribunales de Sentencia Contra la Violencia hacia las Mujeres,Tribunales de Sentencia Contra la Violencia hacia las Mujeres,tribunal,dato,False,False
9.1.10,705,nacional,materia,Tribunales de Sentencia Contra la Violencia hacia las Mujeres,2020,121,27.8,Tribunales de Sentencia Contra la Violencia hacia las Mujeres,Tribunales de Sentencia Contra la Violencia hacia las Mujeres,Tribunales de Sentencia Contra la Violencia hacia las Mujeres,tribunal,dato,False,False
9.1.10,705,nacional,materia,Tribunales de Sentencia Contra la Violencia hacia las Mujeres,2021,1008,29.1,Tribunales de Sentencia Contra la Violencia hacia las Mujeres,Tribunales de Sentencia Contra la Violencia hacia las Mujeres,Tribunales de Sentencia Contra la Violencia hacia las Mujeres,tribunal,dato,False,False
9.1.10,705,nacional,materia,Tribunales de Sentencia Contra la Violencia hacia las Mujeres,2022,148,21.7,Tribunales de Sentencia Contra la Violencia hacia las Mujeres,Tribunales de Sentencia Contra la Violencia hacia las Mujeres,Tribunales de Sentencia Contra la Violencia hacia las Mujeres,tribunal,dato,False,False
9.1.10,705,nacional,materia,Tribunales de Sentencia Contra la Violencia hacia las Mujeres,2023,231,31.6,Tribunales de Sentencia Contra la Violencia hacia las Mujeres,Tribunales de Sentencia Contra la Violencia hacia las Mujeres,Tribunales de Sentencia Contra la Violencia hacia las Mujeres,tribunal,dato,False,False
9.1.10,705,nacional,materia,Ejecución Penal,2019,16775,15.5,Ejecución Penal,Ejecución Penal,Ejecución Penal,juzgado,dato,False,False
9.1.10,705,nacional,materia,Ejecución Penal,2020,7348,18.6,Ejecución Penal,Ejecución Penal,Ejecución Penal,juzgado,dato,False,False
9.1.10,705,nacional,materia,Ejecución Penal,2021,7850,18.6,Ejecución Penal,Ejecución Penal,Ejecución Penal,juzgado,dato,False,False
9.1.10,705,nacional,materia,Ejecución Penal,2022,8852,18.2,Ejecución Penal,Ejecución Penal,Ejecución Penal,juzgado,dato,False,False
9.1.10,705,nacional,materia,Ejecución Penal,2023,9068,16.7,Ejecución Penal,Ejecución Penal,Ejecución Penal,juzgado,dato,False,False
9.1.10,705,nacional,materia,TOTAL CAUSAS RESUELTAS,2019,357936,48.5,TOTAL CAUSAS RESUELTAS,TOTAL CAUSAS RESUELTAS,TOTAL CAUSAS RESUELTAS,,total,False,False
9.1.10,705,nacional,materia,TOTAL CAUSAS RESUELTAS,2020,261748,49.2,TOTAL CAUSAS RESUELTAS,TOTAL CAUSAS RESUELTAS,TOTAL CAUSAS RESUELTAS,,total,False,False
9.1.10,705,nacional,materia,TOTAL CAUSAS RESUELTAS,2021,332997,49.2,TOTAL CAUSAS RESUELTAS,TOTAL CAUSAS RESUELTAS,TOTAL CAUSAS RESUELTAS,,total,False,False
9.1.10,705,nacional,materia,TOTAL CAUSAS RESUELTAS,2022,351003,50.9,TOTAL CAUSAS RESUELTAS,TOTAL CAUSAS RESUELTAS,TOTAL CAUSAS RESUELTAS,,total,False,False
9.1.10,705,nacional,materia,TOTAL CAUSAS RESUELTAS,2023,382333,51.7,TOTAL CAUSAS RESUELTAS,TOTAL CAUSAS RESUELTAS,TOTAL CAUSAS RESUELTAS,,total,False,False
