tabla,columna,tipo,unidad,origen,descripcion,no_nulos,nulos,valores_distintos,minimo,maximo,ejemplo
causas_movimiento,cuadro_origen,str,,trazabilidad,"Identificador del cuadro del anuario del que sale la fila (por ejemplo 9.1.1). Con la página, permite verificar la cifra a mano contra el PDF.",78,0,6,,,9.1.1
causas_movimiento,pagina_pdf,Int64,página,trazabilidad,"Página del PDF, contada desde 1, donde está impresa la fila. No coincide con el número impreso al pie en todos los capítulos.",78,0,6,673,708,673
causas_movimiento,ambito,str,,derivada,"Territorio que cubre el cuadro: capital (ciudades capitales y El Alto), provincia (resto del país) o nacional (la suma de ambos). En los capítulos 5 y 6 se deriva del encabezado y de las entidades de la página, no del prefijo del cuadro.",78,0,3,,,capital
causas_movimiento,eje,str,,derivada,"Qué representa la etiqueta de la fila en ese cuadro: materia, ciudad, departamento, distrito o ente.",78,0,3,,,materia
causas_movimiento,etiqueta_fila,str,,fuente,"Rótulo de la fila tal como está impreso en el PDF, verbatim.",78,0,32,,,PÚBLICO CIVIL Y COMERCIAL
causas_movimiento,num_juzgados,Int64,juzgados (nominal),fuente,"Número NOMINAL de juzgados, no real: un juzgado mixto cuenta una vez por cada materia que atiende, así que el total nominal es mayor que la cantidad física de juzgados. No usar como conteo de juzgados existentes.",27,51,22,1,640,163
causas_movimiento,pendientes_inicio,Int64,causas,fuente,Causas que venían pendientes de la gestión anterior.,78,0,74,57,337394,29688
causas_movimiento,ingresadas,Int64,causas,fuente,Causas que ingresaron durante la gestión.,78,0,74,31,401448,66140
causas_movimiento,atendidas,Int64,causas,fuente,"Total de causas atendidas en la gestión. Es un stock, no un flujo: debe ser igual a pendientes_inicio + ingresadas y también a resueltas + pendientes_fin.",78,0,74,88,738841,95828
causas_movimiento,resueltas,Int64,causas,fuente,Causas resueltas durante la gestión.,78,0,74,28,382333,67788
causas_movimiento,pendientes_fin,Int64,causas,fuente,Causas que quedan pendientes para la próxima gestión.,78,0,74,60,356508,28040
causas_movimiento,pct_resueltas,Float64,%,fuente,"Porcentaje de resolución tal como lo publica el anuario. ATENCIÓN: es resueltas/atendidas (verificado en 72 de 72 filas), NO resueltas/ingresadas. No es la tasa de resolución de CEJA; para esa hay que calcularla.",78,0,72,9.5,70.7,70.7
causas_movimiento,pct_pendientes,Float64,%,fuente,Porcentaje de causas pendientes tal como lo publica el anuario: pendientes_fin/atendidas (coincide en 65 de 72 filas).,78,0,74,29.3,90.5,29.3
causas_movimiento,promedio_por_juzgado,Float64,causas por juzgado,fuente,Promedio de causas ingresadas por juzgado: ingresadas/num_juzgados (coincide en 24 de 25 filas). Hereda el problema del juzgado nominal.,27,51,26,48.0,1288.0,406.0
causas_movimiento,col_sin_rotulo_1,Float64,%,fuente,"Columna sin encabezado del cuadro 9.1.5. Reproduce exactamente ingresadas/total de ingresadas × 100 en las 14 filas de materia y suma 100,00, así que es la distribución de causas INGRESADAS por materia. El documento no lo dice: por eso la columna no se renombró.",15,63,15,0.03,100.0,23.24
causas_movimiento,ciudad,str,,fuente,Ciudad capital (o El Alto) a la que corresponde la fila. Solo se llena en el cuadro 9.1.3 y en las filas territoriales de ámbito capital de los capítulos 5 y 6.,10,68,10,,,Sucre
causas_movimiento,departamento,str,,derivada,"Departamento tal como lo nombra el cuadro, con la grafía unificada (el anuario escribe POTOSI y Potosí indistintamente).",18,60,9,,,Chuquisaca
causas_movimiento,departamento_derivado,str,,derivada,"Departamento deducido cuando el cuadro no lo trae: de la ciudad (El Alto pertenece a La Paz) o del distrito judicial. La comparación ignora mayúsculas, tildes y espacios, sin modificar el literal de origen. Queda nulo en totales nacionales y para OFICINA NACIONAL, que no son territorios.",10,68,9,,,Chuquisaca
causas_movimiento,materia_cruda,str,,fuente,"Nombre de la materia tal como está impreso en el PDF, verbatim, errata incluida. Solo se llena en las filas cuyo eje es materia.",44,34,15,,,PÚBLICO CIVIL Y COMERCIAL
causas_movimiento,materia_norm,str,,derivada,"materia_cruda con una única corrección: la errata de imprenta INSTRUCCÓN -> INSTRUCCIÓN. NO unifica mayúsculas, tildes ni variantes de redacción entre cuadros.",44,34,15,,,PÚBLICO CIVIL Y COMERCIAL
causas_movimiento,materia_homologada,str,,derivada,"Materia derivada para facilitar cruces entre cuadros. Homologa únicamente equivalencias confirmadas mediante la auditoría del Anuario; si no existe una equivalencia aprobada, conserva materia_norm. No sobrescribe el literal del PDF.",44,34,15,,,Público Civil y Comercial
causas_movimiento,instancia_derivada,str,,derivada,"Instancia deducida del prefijo del nombre de la materia: tribunal, sala o juzgado. NO es un dato de la fuente: ningún cuadro del anuario tiene columna de instancia.",78,0,2,,,juzgado
causas_movimiento,tipo_fila_derivado,str,,derivada,"Si la fila es un dato o un agregado: dato, total o subtotal. Permite excluir los agregados de las sumas sin adivinar sobre el texto del rótulo.",78,0,2,,,dato
causas_movimiento,errata_corregida,boolean,,derivada,"True si materia_norm difiere de materia_cruda, es decir, si se corrigió una errata de imprenta.",78,0,2,False,True,False
causas_movimiento,gestion,Int64,año,fuente,Gestión (año) a la que corresponde el dato.,78,0,1,2023,2023,2023
causas_movimiento,revisado_manual,boolean,,trazabilidad,Marca de auditoría. Sale en False en todo el dataset: es la columna para ir marcando las filas que alguien verifique contra el PDF.,78,0,1,False,False,False
causas_por_gestion,cuadro_origen,str,,trazabilidad,"Identificador del cuadro del anuario del que sale la fila (por ejemplo 9.1.1). Con la página, permite verificar la cifra a mano contra el PDF.",235,0,3,,,9.1.2
causas_por_gestion,pagina_pdf,Int64,página,trazabilidad,"Página del PDF, contada desde 1, donde está impresa la fila. No coincide con el número impreso al pie en todos los capítulos.",235,0,3,677,705,677
causas_por_gestion,ambito,str,,derivada,"Territorio que cubre el cuadro: capital (ciudades capitales y El Alto), provincia (resto del país) o nacional (la suma de ambos). En los capítulos 5 y 6 se deriva del encabezado y de las entidades de la página, no del prefijo del cuadro.",235,0,3,,,capital
causas_por_gestion,eje,str,,derivada,"Qué representa la etiqueta de la fila en ese cuadro: materia, ciudad, departamento, distrito o ente.",235,0,1,,,materia
causas_por_gestion,etiqueta_fila,str,,fuente,"Rótulo de la fila tal como está impreso en el PDF, verbatim.",235,0,17,,,Público Civil y Comercial
causas_por_gestion,gestion,Int64,año,fuente,"Gestión a la que corresponde el dato de la fila, de 2019 a 2023. Todos los cuadros son de la edición 2023.",235,0,5,2019,2023,2019
causas_por_gestion,resueltas,Int64,causas,fuente,"Causas resueltas en esa gestión, según la serie que publica la edición 2023.",231,4,221,25,382333,61635
causas_por_gestion,pct_resueltas,Float64,%,fuente,"Porcentaje de resolución tal como lo publica el anuario. ATENCIÓN: es resueltas/atendidas (verificado en 72 de 72 filas), NO resueltas/ingresadas. No es la tasa de resolución de CEJA; para esa hay que calcularla.",231,4,161,9.5,70.9,69.6
causas_por_gestion,materia_cruda,str,,fuente,"Nombre de la materia tal como está impreso en el PDF, verbatim, errata incluida. Solo se llena en las filas cuyo eje es materia.",235,0,17,,,Público Civil y Comercial
causas_por_gestion,materia_norm,str,,derivada,"materia_cruda con una única corrección: la errata de imprenta INSTRUCCÓN -> INSTRUCCIÓN. NO unifica mayúsculas, tildes ni variantes de redacción entre cuadros.",235,0,17,,,Público Civil y Comercial
causas_por_gestion,materia_homologada,str,,derivada,"Materia derivada para facilitar cruces entre cuadros. Homologa únicamente equivalencias confirmadas mediante la auditoría del Anuario; si no existe una equivalencia aprobada, conserva materia_norm. No sobrescribe el literal del PDF.",235,0,17,,,Público Civil y Comercial
causas_por_gestion,instancia_derivada,str,,derivada,"Instancia deducida del prefijo del nombre de la materia: tribunal, sala o juzgado. NO es un dato de la fuente: ningún cuadro del anuario tiene columna de instancia.",220,15,2,,,juzgado
causas_por_gestion,tipo_fila_derivado,str,,derivada,"Si la fila es un dato o un agregado: dato, total o subtotal. Permite excluir los agregados de las sumas sin adivinar sobre el texto del rótulo.",235,0,2,,,dato
causas_por_gestion,errata_corregida,boolean,,derivada,"True si materia_norm difiere de materia_cruda, es decir, si se corrigió una errata de imprenta.",235,0,1,False,False,False
causas_por_gestion,revisado_manual,boolean,,trazabilidad,Marca de auditoría. Sale en False en todo el dataset: es la columna para ir marcando las filas que alguien verifique contra el PDF.,235,0,1,False,False,False
causas_serie_historica,cuadro_origen,str,,trazabilidad,"Identificador del cuadro del anuario del que sale la fila (por ejemplo 9.1.1). Con la página, permite verificar la cifra a mano contra el PDF.",51,0,3,,,9.1.4
causas_serie_historica,pagina_pdf,Int64,página,trazabilidad,"Página del PDF, contada desde 1, donde está impresa la fila. No coincide con el número impreso al pie en todos los capítulos.",51,0,3,684,712,684
causas_serie_historica,ambito,str,,derivada,"Territorio que cubre el cuadro: capital (ciudades capitales y El Alto), provincia (resto del país) o nacional (la suma de ambos). En los capítulos 5 y 6 se deriva del encabezado y de las entidades de la página, no del prefijo del cuadro.",51,0,3,,,capital
causas_serie_historica,gestion,Int64,año,fuente,"Gestión de la serie histórica, de 2007 a 2023.",51,0,17,2007,2023,2007
causas_serie_historica,pendientes_inicio,Int64,causas,fuente,Causas que venían pendientes de la gestión anterior.,51,0,51,22531,474438,117453
causas_serie_historica,ingresadas,Int64,causas,fuente,Causas que ingresaron durante la gestión.,51,0,51,71143,499230,234344
causas_serie_historica,atendidas,Int64,causas,fuente,"Total de causas atendidas en la gestión. Es un stock, no un flujo: debe ser igual a pendientes_inicio + ingresadas y también a resueltas + pendientes_fin.",51,0,51,93674,883250,351797
causas_serie_historica,resueltas,Int64,causas,fuente,Causas resueltas durante la gestión.,51,0,51,55846,473427,168884
causas_serie_historica,pendientes_fin,Int64,causas,fuente,Causas que quedan pendientes para la próxima gestión.,51,0,51,37828,451090,182913
causas_serie_historica,pct_resueltas,Float64,%,fuente,"Porcentaje de resolución tal como lo publica el anuario. ATENCIÓN: es resueltas/atendidas (verificado en 72 de 72 filas), NO resueltas/ingresadas. No es la tasa de resolución de CEJA; para esa hay que calcularla.",51,0,40,41.7,59.6,48.0
causas_serie_historica,num_juzgados,Int64,juzgados (nominal),fuente,"Número NOMINAL de juzgados, no real: un juzgado mixto cuenta una vez por cada materia que atiende, así que el total nominal es mayor que la cantidad física de juzgados. No usar como conteo de juzgados existentes.",17,34,9,426,640,426
causas_serie_historica,promedio_por_juzgado,Float64,causas por juzgado,fuente,Promedio de causas ingresadas por juzgado: ingresadas/num_juzgados (coincide en 24 de 25 filas). Hereda el problema del juzgado nominal.,17,34,17,319.0,855.0,550.0
causas_serie_historica,col_sin_rotulo_1,Float64,%,fuente,"Primera columna sin encabezado. En 9.1.4 coincide con la variación interanual de ingresadas (16 de 16 años); en 9.1.8 y 9.1.12, con la de pendientes_inicio (16 de 16).",48,3,45,-26.1,37.7,8.1
causas_serie_historica,col_sin_rotulo_2,Float64,%,fuente,Segunda columna sin encabezado. Coincide con la variación interanual de ingresadas en 9.1.8 (15 de 16) y en 9.1.12 (16 de 16). En 9.1.4 no coincide con ningún candidato probado.,48,3,43,-29.3,32.9,15.0
causas_serie_historica,pct_pendientes,Float64,%,fuente,Porcentaje de causas pendientes tal como lo publica el anuario: pendientes_fin/atendidas (coincide en 65 de 72 filas).,34,17,30,40.4,57.0,40.4
causas_serie_historica,col_sin_rotulo_3,Float64,%,fuente,Tercera columna sin encabezado. Coincide con la variación interanual de resueltas en 9.1.8 (15 de 16) y de atendidas en 9.1.12 (16 de 16). En 9.1.4 no coincide con ningún candidato probado.,31,20,30,-24.7,32.2,14.0
causas_serie_historica,revisado_manual,boolean,,trazabilidad,Marca de auditoría. Sale en False en todo el dataset: es la columna para ir marcando las filas que alguien verifique contra el PDF.,51,0,1,False,False,False
juzgados,fila_en_cuadro,Int64,,trazabilidad,"Número de orden de la fila dentro de su cuadro. Hace falta porque hay rótulos repetidos: el cuadro 4.1.1 tiene dos filas llamadas Penal, una bajo JUZGADOS DE INSTRUCCIÓN y otra bajo SALAS.",1148,0,37,1,37,1
juzgados,cuadro_origen,str,,trazabilidad,"Identificador del cuadro del anuario del que sale la fila (por ejemplo 9.1.1). Con la página, permite verificar la cifra a mano contra el PDF.",1148,0,10,,,4.1.1
juzgados,pagina_pdf,Int64,página,trazabilidad,"Página del PDF, contada desde 1, donde está impresa la fila. No coincide con el número impreso al pie en todos los capítulos.",1148,0,10,109,118,109
juzgados,departamento,str,,derivada,"Departamento al que corresponde el cuadro. En 4.1.1 vale CIUDADES CAPITALES Y EL ALTO, que no es un departamento.",1148,0,10,,,CIUDADES CAPITALES Y EL ALTO
juzgados,provincia_o_grupo,str,,fuente,"Primer rótulo de la fila: la provincia en los cuadros provinciales (4.1.2 a 4.1.10), el grupo o tipo de juzgado en el de capitales (4.1.1). Va verbatim, llamadas a nota al pie incluidas.",1148,0,135,,,JUZGADOS DE INSTRUCCIÓN
juzgados,localidad_o_subtipo,str,,fuente,"Segundo rótulo: la localidad o asiento judicial en los cuadros provinciales. Nulo en 4.1.1, que tiene una sola columna de rótulo.",714,434,151,,,Yotala
juzgados,rotulo_1_derivado_del_bloque,boolean,,derivada,True si la provincia no estaba en la fila sino en la celda combinada del bloque y se asignó por cercanía vertical.,1148,0,1,False,False,False
juzgados,n_columnas,Int64,columnas,derivada,Cuántas columnas numéricas tiene el cuadro del que sale la fila. Varía entre 5 y 19 según el departamento.,1148,0,9,5,19,11
juzgados,columna,str,,derivada,"Columna del cuadro, numerada de izquierda a derecha (col_01, col_02...). Se preserva aunque su significado auditado esté en las columnas canónicas derivadas.",1148,0,19,,,col_01
juzgados,valor,Int64,juzgados (o habitantes en col_01),fuente,"Valor de esa celda. En los cuadros provinciales la col_01 es población proyectada al 2022, no un conteo de juzgados; la última columna de cada fila es el total.",1148,0,226,0,1220896,8
juzgados,fragmentos_encabezado,str,,fuente,"Los pedazos de encabezado del PDF que caen sobre esa columna, sin recomponer. Es la materia prima para resolver el mapeo de nombres a mano.",1148,0,111,,,"TRIBUNALES, SUCRE Sustancias Adolescencia Violencia materia."
juzgados,es_ultima_columna,boolean,,derivada,"True si la columna es la última del cuadro, que en la Parte IV es siempre el total de la fila.",1148,0,2,False,True,False
juzgados,columna_rotulo_canonico,str,,derivada,"Rótulo legible auditado para la combinación cuadro_origen + columna. Nulo en el único encabezado indeterminado, 4.1.7/col_09.",1145,3,35,,,Sucre
juzgados,columna_codigo_canonico,str,,derivada,Código estable auditado del significado de la columna dentro de su cuadro. Nulo si la decisión quedó indeterminada.,1145,3,35,,,ciudad_sucre
juzgados,tipo_columna,str,,derivada,Clasificación auditada del significado de col_NN dentro del cuadro 4.1.x. Depende de cuadro_origen + columna.,1148,0,6,,,otro
juzgados,fila_id,str,,derivada,Identificador estructural auditado de las 37 filas del cuadro 4.1.1 (f001 a f037). Nulo en los demás cuadros.,285,863,37,,,f001
juzgados,fila_rotulo_canonico,str,,derivada,Rótulo canónico auditado de la categoría representada por la fila de 4.1.1. No sustituye provincia_o_grupo.,285,863,37,,,Juzgados de Instrucción
juzgados,fila_codigo_canonico,str,,derivada,Código estable auditado de la categoría de fila del cuadro 4.1.1. Nulo en los cuadros provinciales.,285,863,37,,,juzgados_instruccion
juzgados,tipo_entidad,str,,derivada,"Naturaleza auditada de la categoría de 4.1.1: juzgado, tribunal, sala, conciliador u otro.",285,863,5,,,juzgado
juzgados,estructura_fila,str,,derivada,"Papel jerárquico auditado de la fila de 4.1.1: detalle, subtotal o total_general.",285,863,3,,,subtotal
juzgados,fila_padre_id,str,,derivada,fila_id del padre jerárquico de la fila de 4.1.1. Nulo para el total general y para los demás cuadros.,274,874,6,,,f037
juzgados,nivel_jerarquia,Int64,nivel,derivada,"Nivel auditado de la fila de 4.1.1: 0 total general, 1 categorías principales y 2 detalles internos.",285,863,3,0,2,1
juzgados,es_hoja_jerarquia,boolean,,derivada,True cuando la fila de 4.1.1 es detalle; False para sus subtotales y total general. Nulo fuera de 4.1.1. No decide qué entra en un futuro indicador.,285,863,2,False,True,False
juzgados,departamento_derivado,str,,derivada,"Departamento deducido cuando el cuadro no lo trae: de la ciudad (El Alto pertenece a La Paz) o del distrito judicial. La comparación ignora mayúsculas, tildes y espacios, sin modificar el literal de origen. Queda nulo en totales nacionales y para OFICINA NACIONAL, que no son territorios.",863,285,9,,,Chuquisaca
juzgados,gestion,Int64,año,fuente,"Gestión del cuadro. La población de col_01, en cambio, está proyectada al 2022.",1148,0,1,2023,2023,2023
juzgados,revisado_manual,boolean,,trazabilidad,Marca de auditoría. Sale en False en todo el dataset: es la columna para ir marcando las filas que alguien verifique contra el PDF.,1148,0,1,False,False,False
personal,cuadro_origen,str,,trazabilidad,"Identificador del cuadro del anuario del que sale la fila (por ejemplo 9.1.1). Con la página, permite verificar la cifra a mano contra el PDF.",85,0,3,,,14.1.1
personal,pagina_pdf,Int64,página,trazabilidad,"Página del PDF, contada desde 1, donde está impresa la fila. No coincide con el número impreso al pie en todos los capítulos.",85,0,4,743,746,743
personal,distrito,str,,fuente,"Distrito judicial. Coincide con el departamento salvo OFICINA NACIONAL / NACIONAL, que es la administración central. En los capítulos 5 y 6 se llena solo para el ámbito provincia.",75,10,13,,,NACIONAL
personal,ente,str,,fuente,"Ente del Órgano Judicial dentro del distrito: Tribunal Departamental de Justicia, Consejo de la Magistratura, Derechos Reales, Juzgados Disciplinarios, DAF Enlace, etc.",73,12,15,,,Tribunal Supremo de Justicia
personal,items_mujer,Int64,ítems,fuente,Ítems de personal ocupados por mujeres.,85,0,53,3,4031,62
personal,items_varon,Int64,ítems,fuente,Ítems de personal ocupados por varones.,85,0,50,0,2975,103
personal,items_acefalias,Int64,ítems,fuente,Ítems presupuestados y vacantes (acefalías).,85,0,23,0,321,2
personal,items_total,Int64,ítems,fuente,Total de ítems: mujer + varón + acefalías.,85,0,57,3,7327,167
personal,remun_mujer,Int64,Bs/mes,fuente,Remuneración mensual de los ítems ocupados por mujeres.,85,0,67,49,24071930,528887
personal,remun_varon,Int64,Bs/mes,fuente,Remuneración mensual de los ítems ocupados por varones.,85,0,66,0,23459730,1142866
personal,remun_acefalias,Int64,Bs/mes,fuente,Remuneración mensual presupuestada de los ítems vacantes.,84,1,33,0,1610840,18013
personal,remun_total,Int64,Bs/mes,fuente,Remuneración mensual total del ente o distrito.,85,0,65,100,49142500,1689766
personal,distrito_derivado_del_bloque,boolean,,derivada,"True si el distrito no estaba en la fila sino en la celda combinada del bloque, centrada verticalmente, y se asignó a todas las filas del bloque hasta su SUB TOTAL.",64,21,1,True,True,True
personal,departamento_derivado,str,,derivada,"Departamento deducido cuando el cuadro no lo trae: de la ciudad (El Alto pertenece a La Paz) o del distrito judicial. La comparación ignora mayúsculas, tildes y espacios, sin modificar el literal de origen. Queda nulo en totales nacionales y para OFICINA NACIONAL, que no son territorios.",63,22,9,,,Chuquisaca
personal,tipo_fila_derivado,str,,derivada,"Si la fila es un dato o un agregado: dato, total o subtotal. Permite excluir los agregados de las sumas sin adivinar sobre el texto del rótulo.",85,0,3,,,dato
personal,gestion,Int64,año,fuente,Gestión (año) a la que corresponde el dato.,85,0,1,2023,2023,2023
personal,revisado_manual,boolean,,trazabilidad,Marca de auditoría. Sale en False en todo el dataset: es la columna para ir marcando las filas que alguien verifique contra el PDF.,85,0,1,False,False,False
personal_jurisdiccional,cuadro_origen,str,,trazabilidad,"Identificador del cuadro del anuario del que sale la fila (por ejemplo 9.1.1). Con la página, permite verificar la cifra a mano contra el PDF.",3,0,1,,,s/n (p. 746)
personal_jurisdiccional,pagina_pdf,Int64,página,trazabilidad,"Página del PDF, contada desde 1, donde está impresa la fila. No coincide con el número impreso al pie en todos los capítulos.",3,0,1,746,746,746
personal_jurisdiccional,titulo_tabla,str,,fuente,"Título de la tabla, conservado porque esta no tiene número de cuadro con el cual referenciarla.",3,0,1,,,RELACIÓN DE PERSONAL JURISDICCIONAL Y ADMINISTRATIVO EN EL ÓRGANO JUDICIAL
personal_jurisdiccional,personal,str,,fuente,"Tipo de personal: JURISDICCIONAL, ADMINISTRATIVO o TOTAL.",3,0,3,,,JURISDICCIONAL
personal_jurisdiccional,items,Int64,ítems,fuente,Ítems de personal del tipo indicado.,3,0,3,1569,7327,5758
personal_jurisdiccional,items_pct,Float64,%,fuente,Participación del tipo de personal en el total de ítems.,3,0,3,21.0,100.0,79.0
personal_jurisdiccional,remuneracion,Int64,Bs/mes,fuente,Remuneración mensual del tipo de personal indicado.,3,0,3,9467800,49142500,39674700
personal_jurisdiccional,remuneracion_pct,Float64,%,fuente,Participación del tipo de personal en la remuneración total.,3,0,3,19.0,100.0,81.0
personal_jurisdiccional,tipo_fila_derivado,str,,derivada,"Si la fila es un dato o un agregado: dato, total o subtotal. Permite excluir los agregados de las sumas sin adivinar sobre el texto del rótulo.",3,0,2,,,dato
personal_jurisdiccional,gestion,Int64,año,fuente,Gestión (año) a la que corresponde el dato.,3,0,1,2023,2023,2023
personal_jurisdiccional,revisado_manual,boolean,,trazabilidad,Marca de auditoría. Sale en False en todo el dataset: es la columna para ir marcando las filas que alguien verifique contra el PDF.,3,0,1,False,False,False
autoridad_sumariante,cuadro_origen,str,,trazabilidad,"Identificador del cuadro del anuario del que sale la fila (por ejemplo 9.1.1). Con la página, permite verificar la cifra a mano contra el PDF.",27,0,3,,,13.1.1
autoridad_sumariante,pagina_pdf,Int64,página,trazabilidad,"Página del PDF, contada desde 1, donde está impresa la fila. No coincide con el número impreso al pie en todos los capítulos.",27,0,3,737,739,737
autoridad_sumariante,eje,str,,derivada,"Qué representa la etiqueta de la fila en ese cuadro: materia, ciudad, departamento, distrito o ente.",27,0,2,,,distrito
autoridad_sumariante,etiqueta_fila,str,,fuente,"Rótulo de la fila tal como está impreso en el PDF, verbatim.",27,0,15,,,OFICINA NACIONAL
autoridad_sumariante,pendientes_inicio,Int64,denuncias,fuente,Denuncias que venían pendientes al inicio de la gestión.,11,16,8,0,132,39
autoridad_sumariante,recibidas,Int64,denuncias,fuente,Denuncias disciplinarias recibidas durante la gestión.,11,16,10,0,189,57
autoridad_sumariante,atendidas,Int64,denuncias,fuente,Total de denuncias atendidas: pendientes_inicio + recibidas.,11,16,9,0,321,96
autoridad_sumariante,resoluciones_primera_instancia,Int64,resoluciones,fuente,Resoluciones dictadas en primera instancia.,11,16,10,0,170,61
autoridad_sumariante,rechazadas,Int64,denuncias,fuente,Denuncias rechazadas.,11,16,7,0,67,18
autoridad_sumariante,en_tramite,Int64,procesos,fuente,Procesos sumarios que quedan en trámite.,11,16,7,0,84,17
autoridad_sumariante,amonestacion,Int64,sanciones,fuente,"Sanciones de amonestación. El cuadro las agrupa bajo faltas LEVES, pero la agrupación no se codificó: la columna lleva el nombre inequívoco del encabezado inferior.",16,11,7,0,22,11
autoridad_sumariante,multa,Int64,sanciones,fuente,Sanciones de multa (agrupadas en el cuadro bajo faltas LEVES).,16,11,7,0,16,8
autoridad_sumariante,suspension,Int64,sanciones,fuente,Sanciones de suspensión (agrupadas bajo faltas GRAVES).,16,11,8,0,58,10
autoridad_sumariante,destitucion,Int64,sanciones,fuente,Sanciones de destitución (agrupadas bajo faltas GRAVÍSIMAS).,16,11,5,0,10,5
autoridad_sumariante,total_sanciones,Int64,sanciones,fuente,Total de sanciones impuestas: suma de las cuatro anteriores.,16,11,11,0,106,34
autoridad_sumariante,distrito,str,,fuente,"Distrito judicial. Coincide con el departamento salvo OFICINA NACIONAL / NACIONAL, que es la administración central. En los capítulos 5 y 6 se llena solo para el ámbito provincia.",22,5,11,,,OFICINA NACIONAL
autoridad_sumariante,ente,str,,fuente,"Ente del Órgano Judicial dentro del distrito: Tribunal Departamental de Justicia, Consejo de la Magistratura, Derechos Reales, Juzgados Disciplinarios, DAF Enlace, etc.",5,22,5,,,CONSEJO DE LA MAGISTRATURA
autoridad_sumariante,departamento_derivado,str,,derivada,"Departamento deducido cuando el cuadro no lo trae: de la ciudad (El Alto pertenece a La Paz) o del distrito judicial. La comparación ignora mayúsculas, tildes y espacios, sin modificar el literal de origen. Queda nulo en totales nacionales y para OFICINA NACIONAL, que no son territorios.",18,9,9,,,Chuquisaca
autoridad_sumariante,tipo_fila_derivado,str,,derivada,"Si la fila es un dato o un agregado: dato, total o subtotal. Permite excluir los agregados de las sumas sin adivinar sobre el texto del rótulo.",27,0,2,,,dato
autoridad_sumariante,gestion,Int64,año,fuente,Gestión (año) a la que corresponde el dato.,27,0,1,2023,2023,2023
autoridad_sumariante,revisado_manual,boolean,,trazabilidad,Marca de auditoría. Sale en False en todo el dataset: es la columna para ir marcando las filas que alguien verifique contra el PDF.,27,0,1,False,False,False
causas_por_tipo_proceso,cuadro_origen,str,,trazabilidad,"Identificador del cuadro del anuario del que sale la fila (por ejemplo 9.1.1). Con la página, permite verificar la cifra a mano contra el PDF.",2419,0,20,,,5.1.1.1
causas_por_tipo_proceso,pagina_pdf,Int64,página,trazabilidad,"Página del PDF, contada desde 1, donde está impresa la fila. No coincide con el número impreso al pie en todos los capítulos.",2419,0,109,121,640,121
causas_por_tipo_proceso,firma,str,,derivado,"Firma de encabezado del cuadro: identifica el LAYOUT, es decir el juego de columnas con el que se leyó la página. Es la clave de src/procesos.py. Se usa la firma y no el número de cuadro porque el anuario numera mal: hay dos cuadros distintos numerados 5.3.3.1 y un 6.3.1.4 en medio del capítulo 5.",2419,0,18,,,20d3125560
causas_por_tipo_proceso,familia,str,,derivado,"Familia temática del cuadro dentro de los capítulos 5 y 6: causas, resueltas, apelacion, ejecucion u otros.",2419,0,1,,,causas
causas_por_tipo_proceso,ambito,str,,derivada,"Territorio que cubre el cuadro: capital (ciudades capitales y El Alto), provincia (resto del país) o nacional (la suma de ambos). En los capítulos 5 y 6 se deriva del encabezado y de las entidades de la página, no del prefijo del cuadro.",2419,0,2,,,capital
causas_por_tipo_proceso,titulo_pagina,str,,literal del PDF,"Encabezado corrido de la página, literal del PDF ('Juzgados Públicos en Materia Civil y Comercial de Ciudades Capitales y El Alto'). Es de donde sale la materia.",2419,0,15,,,Juzgados Públicos en Materia Civil y Comercial de Ciudades Capitales y El Alto
causas_por_tipo_proceso,entidad,str,,literal del PDF,"Ciudad capital o distrito judicial al que pertenece la fila, tal como encabeza su bloque en la página. El ámbito sale del encabezado y las entidades, no de la numeración del cuadro, porque el 6.3.1.4 de las páginas 357-359 es de capitales. TOTAL NACIONAL aparece en la página de cierre de cada cuadro.",2419,0,15,,,SUCRE
causas_por_tipo_proceso,num_juzgados_pagina,Int64,juzgados,literal del PDF,"Número de juzgados o tribunales que declara la línea de cabecera de la página ('SUCRE 14'). Vale para la ciudad entera y para el cuadro entero, NO por fila ni por tipo de proceso: el anuario no desagrega por juzgado en ninguna parte. No siempre coincide con el num_juzgados del cuadro 9.1.x; las diferencias están en auditoria/discrepancias.csv.",2386,33,47,0,209,14
causas_por_tipo_proceso,unidad_fila,str,,derivado,"Qué representa la fila: 'tipo_proceso' en los cuadros que desagregan por tipo de proceso dentro de cada ciudad, y 'entidad' en los cuadros de una sola página que traen una fila por ciudad y no abren el tipo de proceso.",2419,0,2,,,tipo_proceso
causas_por_tipo_proceso,grupo_proceso,str,,literal del PDF,"Etiqueta del grupo al que pertenece la fila, verbatim. Viene impresa EN VERTICAL en el margen izquierdo del cuadro y llega con el corte de palabra del PDF ('EXTRAORDI NARIO'), que no se puede deshacer desde la geometría.",240,2179,8,,,ORDIN ARIO
causas_por_tipo_proceso,tipo_proceso_extraido,str,,literal extraído del PDF,Literal obtenido originalmente por la extracción geométrica del PDF antes de aplicar las correcciones deterministas auditadas. Se conserva exclusivamente para trazabilidad.,2386,33,130,,,ORDINARIO
causas_por_tipo_proceso,tipo_proceso,str,,literal reconstruido del PDF,Literal de la fila fuente reconstruido a partir del PDF. Las correcciones reparan únicamente defectos de extracción auditados; no corrigen errores editoriales ni realizan homologación semántica. Nulo cuando unidad_fila es 'entidad'.,2386,33,107,,,ORDINARIO
causas_por_tipo_proceso,tipo_fila_derivado,str,,derivada,"Si la fila es un dato o un agregado: dato, total o subtotal. Permite excluir los agregados de las sumas sin adivinar sobre el texto del rótulo.",2419,0,2,,,detalle
causas_por_tipo_proceso,orden_fila,Int64,,derivado,"Posición de la fila dentro de su página, contada desde 1. Conserva el orden impreso, que agrupa los tipos de proceso.",2419,0,40,1,40,1
causas_por_tipo_proceso,n_columnas,Int64,columnas,derivada,Cuántas columnas numéricas tiene el cuadro del que sale la fila. Varía entre 5 y 19 según el departamento.,2419,0,6,6,14,8
causas_por_tipo_proceso,readecuadas_ley_439,Int64,causas,literal del PDF,"Causas readecuadas a la Ley 439 (Código Procesal Civil): el arrastre de causas del código anterior. En los cuadros civiles ocupa el lugar que en el cuadro 9.1.x lleva pendientes_inicio, y cruza con él exactamente.",546,1873,178,0,29688,770
causas_por_tipo_proceso,recibidas_excusa_recusacion,Int64,causas,literal del PDF,"Causas recibidas de otro juzgado por excusa o recusación del juez original. Es un traslado, no un ingreso nuevo.",2386,33,105,0,2965,22
causas_por_tipo_proceso,preliminares_formalizados,Int64,causas,literal del PDF,Procesos preliminares que se formalizaron en demanda durante la gestión.,546,1873,72,0,4398,160
causas_por_tipo_proceso,cautelares_formalizados,Int64,causas,literal del PDF,Procesos cautelares que se formalizaron en demanda durante la gestión.,546,1873,31,0,355,21
causas_por_tipo_proceso,nuevas_ingresadas,Int64,causas,literal del PDF,Causas nuevas ingresadas en la gestión. Es el ingreso genuino; las otras formas de ingreso son arrastres o traslados.,2397,22,655,0,81469,1424
causas_por_tipo_proceso,atendidas,Int64,causas,fuente,"Total de causas atendidas en la gestión. Es un stock, no un flujo: debe ser igual a pendientes_inicio + ingresadas y también a resueltas + pendientes_fin.",2419,0,790,0,132698,2397
causas_por_tipo_proceso,resueltas,Int64,causas,fuente,Causas resueltas durante la gestión.,2007,412,483,0,67788,1286
causas_por_tipo_proceso,pendientes_fin,Int64,causas,fuente,Causas que quedan pendientes para la próxima gestión.,2419,0,615,0,53322,1111
causas_por_tipo_proceso,pendientes_inicio,Int64,causas,fuente,Causas que venían pendientes de la gestión anterior.,1867,552,529,0,48264,0
causas_por_tipo_proceso,conciliacion,float64,causas,literal del PDF,"Causas concluidas por conciliación, una de las salidas alternativas del procedimiento penal.",22,2397,9,0.0,20.0,5.0
causas_por_tipo_proceso,num_juzgados,Int64,juzgados (nominal),fuente,"Número NOMINAL de juzgados, no real: un juzgado mixto cuenta una vez por cada materia que atiende, así que el total nominal es mayor que la cantidad física de juzgados. No usar como conteo de juzgados existentes.",33,2386,5,1,26,3
causas_por_tipo_proceso,recibidas_otros_juzgados,float64,causas,literal del PDF,"Causas recibidas de otros juzgados por excusa, recusa, declinatoria o acumulación, en los cuadros penales.",32,2387,16,0.0,177.0,25.0
causas_por_tipo_proceso,concluidas_rechazo_denuncia,float64,causas,literal del PDF,Causas concluidas por rechazo de la denuncia.,95,2324,88,0.0,46907.0,26.0
causas_por_tipo_proceso,reparacion_dano_conciliacion,float64,causas,literal del PDF,"Causas concluidas por reparación del daño o conciliación, cuando el cuadro no las separa.",11,2408,9,0.0,43.0,1.0
causas_por_tipo_proceso,remision_art_299_ley_548,float64,causas,literal del PDF,"Causas remitidas según el artículo 299 de la Ley 548 (Código Niña, Niño y Adolescente).",22,2397,13,0.0,101.0,7.0
causas_por_tipo_proceso,merecieron_imputacion_formal,float64,causas,literal del PDF,Causas que pasaron de la investigación preliminar a la imputación formal. Salen de este cuadro y entran al siguiente.,106,2313,89,0.0,17335.0,75.0
causas_por_tipo_proceso,remitidas_finalizacion_competencia,float64,causas,literal del PDF,Causas remitidas a otros juzgados por finalización de competencia.,33,2386,16,0.0,75.0,8.0
causas_por_tipo_proceso,procesos_rebeldia,float64,causas,literal del PDF,"Procesos con declaración de rebeldía. Es una anotación al margen del balance: NO entra en atendidas = salidas + pendientes, y no se debe sumar con las formas de salida.",327,2092,152,0.0,10573.0,0.0
causas_por_tipo_proceso,reparacion_dano,float64,causas,literal del PDF,"Causas concluidas por reparación del daño, salida alternativa del procedimiento penal.",22,2397,11,0.0,38.0,3.0
causas_por_tipo_proceso,sobreseimiento,float64,causas,literal del PDF,Causas concluidas por sobreseimiento.,11,2408,7,0.0,31.0,3.0
causas_por_tipo_proceso,terminacion_anticipada,float64,causas,literal del PDF,Causas concluidas por terminación anticipada del proceso.,22,2397,19,0.0,208.0,10.0
causas_por_tipo_proceso,merecieron_acusacion,float64,causas,literal del PDF,Causas que pasaron de la imputación formal a la acusación.,106,2313,89,0.0,14305.0,40.0
causas_por_tipo_proceso,concluidas_extincion_prescripcion,float64,causas,literal del PDF,Causas concluidas por extinción o prescripción de la acción.,22,2397,9,0.0,77.0,1.0
causas_por_tipo_proceso,concluidas_sentencia_juicio,float64,causas,literal del PDF,Causas concluidas con sentencia en juicio.,11,2408,10,0.0,292.0,12.0
causas_por_tipo_proceso,remitidas_otros_juzgados,float64,causas,literal del PDF,"Causas remitidas a otros juzgados por excusa, recusa, declinatoria o inhibitoria.",378,2041,121,0.0,5861.0,122.0
causas_por_tipo_proceso,concluidas_otras_formas,float64,causas,literal del PDF,Causas concluidas por formas que el cuadro no detalla.,84,2335,61,0.0,9273.0,539.0
causas_por_tipo_proceso,imputacion_directa_procedimiento_inmediato,float64,causas,literal del PDF,Procesos con imputación directa por procedimiento inmediato.,84,2335,74,0.0,10554.0,199.0
causas_por_tipo_proceso,otras_formas_finalizacion,float64,causas,literal del PDF,Otras formas de finalización de competencia.,84,2335,77,0.0,15030.0,513.0
causas_por_tipo_proceso,recibidas_declinatoria_inhibitoria,float64,causas,literal del PDF,Causas recibidas por declinatoria o inhibitoria de competencia (reenvío desde otro juzgado).,210,2209,29,0.0,454.0,1.0
causas_por_tipo_proceso,ingresadas_conversion_acciones,float64,causas,literal del PDF,Causas ingresadas por conversión de acciones de otros delitos.,210,2209,21,0.0,110.0,0.0
causas_por_tipo_proceso,otras_formas_conclusion,float64,causas,literal del PDF,Otras formas de conclusión de la causa.,210,2209,98,0.0,9180.0,493.0
causas_por_tipo_proceso,resueltas_sentencia,float64,causas,literal del PDF,Causas resueltas con sentencia.,210,2209,101,0.0,7262.0,156.0
causas_por_tipo_proceso,ingresadas_reenvio,float64,causas,literal del PDF,"Causas ingresadas por reenvío, por declinatoria de competencia de otros juzgados.",84,2335,19,0.0,109.0,1.0
causas_por_tipo_proceso,otras_formas_ingreso,float64,causas,literal del PDF,Causas ingresadas por vías que el cuadro no detalla.,84,2335,24,0.0,135.0,13.0
causas_por_tipo_proceso,remitidas_excusa_recusacion,float64,causas,literal del PDF,Causas remitidas a otro juzgado por excusa o recusación.,84,2335,9,0.0,25.0,0.0
causas_por_tipo_proceso,remitidas_otras_formas,float64,causas,literal del PDF,Causas remitidas por vías que el cuadro no detalla.,84,2335,30,0.0,351.0,5.0
causas_por_tipo_proceso,materia_seccion,str,,derivado,Materia que fija la sección del cuadro (el tercer nivel de la numeración: 5.1.1.x y 6.1.1.x son civil y comercial). La materia no está escrita en la fila.,2419,0,8,,,PÚBLICO CIVIL Y COMERCIAL
causas_por_tipo_proceso,tipo_accion_penal,str,,derivado,"En las materias penales, el tipo de acción que parte la materia en tres (PENAL, ANTICORRUPCIÓN, CONTRA LA VIOLENCIA HACIA LA MUJER). Según el cuadro viene como etiqueta de grupo o como rótulo de fila. Nulo fuera del fuero penal.",222,2197,3,,,PENAL
causas_por_tipo_proceso,materia_norm,str,,derivada,"materia_cruda con una única corrección: la errata de imprenta INSTRUCCÓN -> INSTRUCCIÓN. NO unifica mayúsculas, tildes ni variantes de redacción entre cuadros.",2419,0,13,,,PÚBLICO CIVIL Y COMERCIAL
causas_por_tipo_proceso,materia_homologada,str,,derivada,"Materia derivada para facilitar cruces entre cuadros. Homologa únicamente equivalencias confirmadas mediante la auditoría del Anuario; si no existe una equivalencia aprobada, conserva materia_norm. No sobrescribe el literal del PDF.",2419,0,13,,,Público Civil y Comercial
causas_por_tipo_proceso,materia_cruda,str,,fuente,"Nombre de la materia tal como está impreso en el PDF, verbatim, errata incluida. Solo se llena en las filas cuyo eje es materia.",2419,0,15,,,Juzgados Públicos en Materia Civil y Comercial de Ciudades Capitales y El Alto
causas_por_tipo_proceso,ciudad,str,,fuente,Ciudad capital (o El Alto) a la que corresponde la fila. Solo se llena en el cuadro 9.1.3 y en las filas territoriales de ámbito capital de los capítulos 5 y 6.,1190,1229,10,,,SUCRE
causas_por_tipo_proceso,distrito,str,,fuente,"Distrito judicial. Coincide con el departamento salvo OFICINA NACIONAL / NACIONAL, que es la administración central. En los capítulos 5 y 6 se llena solo para el ámbito provincia.",999,1420,9,,,CHUQUISACA
causas_por_tipo_proceso,departamento_derivado,str,,derivada,"Departamento deducido cuando el cuadro no lo trae: de la ciudad (El Alto pertenece a La Paz) o del distrito judicial. La comparación ignora mayúsculas, tildes y espacios, sin modificar el literal de origen. Queda nulo en totales nacionales y para OFICINA NACIONAL, que no son territorios.",2189,230,9,,,Chuquisaca
causas_por_tipo_proceso,es_total_nacional,bool,,derivado,"True en las páginas de cierre de cada cuadro, donde la entidad es TOTAL NACIONAL en vez de una ciudad o un distrito.",2419,0,2,False,True,False
causas_por_tipo_proceso,grupo_proceso_norm,str,,derivado,"grupo_proceso resuelto contra la lista cerrada de etiquetas del capítulo: ORDINARIO, EXTRAORDINARIO, MONITOREO, PROCESO CONCURSALES, PROCESOS VOLUNTARIOS y las tres del fuero penal.",240,2179,7,,,ORDINARIO
causas_por_tipo_proceso,etapa_proceso_fuente,str,,derivado,"Etapa estructural publicada por el cuadro fuente. Se deriva mediante un mapa cerrado auditado contra el PDF: informes_inicio_investigacion, imputaciones_formales, causas o no_aplica. No homologa tipo_proceso.",2419,0,4,,,no_aplica
causas_por_tipo_proceso,contexto_accion_penal,str,,derivado,"Contexto penal padre de la fila fuente, auditado contra el PDF: penal_comun, anticorrupcion, violencia_mujeres o no_aplica. No homologa ni sobrescribe tipo_proceso.",2419,0,4,,,no_aplica
causas_por_tipo_proceso,gestion,Int64,año,fuente,Gestión (año) a la que corresponde el dato.,2419,0,1,2023,2023,2023
causas_por_tipo_proceso,revisado_manual,boolean,,trazabilidad,Marca de auditoría. Sale en False en todo el dataset: es la columna para ir marcando las filas que alguien verifique contra el PDF.,2419,0,1,False,False,False
resueltas_por_tipo_proceso,cuadro_origen,str,,trazabilidad,"Identificador del cuadro del anuario del que sale la fila (por ejemplo 9.1.1). Con la página, permite verificar la cifra a mano contra el PDF.",27993,0,17,,,5.1.1.2
resueltas_por_tipo_proceso,pagina_pdf,Int64,página,trazabilidad,"Página del PDF, contada desde 1, donde está impresa la fila. No coincide con el número impreso al pie en todos los capítulos.",27993,0,107,132,646,132
resueltas_por_tipo_proceso,firma,str,,derivado,"Firma de encabezado del cuadro: identifica el LAYOUT, es decir el juego de columnas con el que se leyó la página. Es la clave de src/procesos.py. Se usa la firma y no el número de cuadro porque el anuario numera mal: hay dos cuadros distintos numerados 5.3.3.1 y un 6.3.1.4 en medio del capítulo 5.",27993,0,18,,,fe9adb27f1
resueltas_por_tipo_proceso,familia,str,,derivado,"Familia temática del cuadro dentro de los capítulos 5 y 6: causas, resueltas, apelacion, ejecucion u otros.",27993,0,1,,,resueltas
resueltas_por_tipo_proceso,ambito,str,,derivada,"Territorio que cubre el cuadro: capital (ciudades capitales y El Alto), provincia (resto del país) o nacional (la suma de ambos). En los capítulos 5 y 6 se deriva del encabezado y de las entidades de la página, no del prefijo del cuadro.",27993,0,2,,,capital
resueltas_por_tipo_proceso,titulo_pagina,str,,literal del PDF,"Encabezado corrido de la página, literal del PDF ('Juzgados Públicos en Materia Civil y Comercial de Ciudades Capitales y El Alto'). Es de donde sale la materia.",27993,0,15,,,Juzgados Públicos en Materia Civil y Comercial de Ciudades Capitales y El Alto
resueltas_por_tipo_proceso,entidad,str,,literal del PDF,"Ciudad capital o distrito judicial al que pertenece la fila, tal como encabeza su bloque en la página. El ámbito sale del encabezado y las entidades, no de la numeración del cuadro, porque el 6.3.1.4 de las páginas 357-359 es de capitales. TOTAL NACIONAL aparece en la página de cierre de cada cuadro.",27993,0,15,,,SUCRE
resueltas_por_tipo_proceso,num_juzgados_pagina,Int64,juzgados,literal del PDF,"Número de juzgados o tribunales que declara la línea de cabecera de la página ('SUCRE 14'). Vale para la ciudad entera y para el cuadro entero, NO por fila ni por tipo de proceso: el anuario no desagrega por juzgado en ninguna parte. No siempre coincide con el num_juzgados del cuadro 9.1.x; las diferencias están en auditoria/discrepancias.csv.",27894,99,47,0,209,14
resueltas_por_tipo_proceso,unidad_fila,str,,derivado,"Qué representa la fila: 'tipo_proceso' en los cuadros que desagregan por tipo de proceso dentro de cada ciudad, y 'entidad' en los cuadros de una sola página que traen una fila por ciudad y no abren el tipo de proceso.",27993,0,2,,,tipo_proceso
resueltas_por_tipo_proceso,grupo_proceso,str,,literal del PDF,"Etiqueta del grupo al que pertenece la fila, verbatim. Viene impresa EN VERTICAL en el margen izquierdo del cuadro y llega con el corte de palabra del PDF ('EXTRAORDI NARIO'), que no se puede deshacer desde la geometría.",936,27057,4,,,PENAL COMUN
resueltas_por_tipo_proceso,tipo_proceso_extraido,str,,literal extraído del PDF,Literal obtenido originalmente por la extracción geométrica del PDF antes de aplicar las correcciones deterministas auditadas. Se conserva exclusivamente para trazabilidad.,27894,99,125,,,ORDINARIO
resueltas_por_tipo_proceso,tipo_proceso,str,,literal reconstruido del PDF,Literal de la fila fuente reconstruido a partir del PDF. Las correcciones reparan únicamente defectos de extracción auditados; no corrigen errores editoriales ni realizan homologación semántica. Nulo cuando unidad_fila es 'entidad'.,27894,99,109,,,ORDINARIO
resueltas_por_tipo_proceso,tipo_fila_derivado,str,,derivada,"Si la fila es un dato o un agregado: dato, total o subtotal. Permite excluir los agregados de las sumas sin adivinar sobre el texto del rótulo.",27993,0,2,,,detalle
resueltas_por_tipo_proceso,orden_fila,Int64,,derivado,"Posición de la fila dentro de su página, contada desde 1. Conserva el orden impreso, que agrupa los tipos de proceso.",27993,0,40,1,40,1
resueltas_por_tipo_proceso,n_columnas,Int64,columnas,derivada,Cuántas columnas numéricas tiene el cuadro del que sale la fila. Varía entre 5 y 19 según el departamento.,27993,0,6,8,13,13
resueltas_por_tipo_proceso,materia_seccion,str,,derivado,Materia que fija la sección del cuadro (el tercer nivel de la numeración: 5.1.1.x y 6.1.1.x son civil y comercial). La materia no está escrita en la fila.,27993,0,8,,,PÚBLICO CIVIL Y COMERCIAL
resueltas_por_tipo_proceso,tipo_accion_penal,str,,derivado,"En las materias penales, el tipo de acción que parte la materia en tres (PENAL, ANTICORRUPCIÓN, CONTRA LA VIOLENCIA HACIA LA MUJER). Según el cuadro viene como etiqueta de grupo o como rótulo de fila. Nulo fuera del fuero penal.",2718,25275,3,,,PENAL
resueltas_por_tipo_proceso,materia_norm,str,,derivada,"materia_cruda con una única corrección: la errata de imprenta INSTRUCCÓN -> INSTRUCCIÓN. NO unifica mayúsculas, tildes ni variantes de redacción entre cuadros.",27993,0,14,,,PÚBLICO CIVIL Y COMERCIAL
resueltas_por_tipo_proceso,materia_homologada,str,,derivada,"Materia derivada para facilitar cruces entre cuadros. Homologa únicamente equivalencias confirmadas mediante la auditoría del Anuario; si no existe una equivalencia aprobada, conserva materia_norm. No sobrescribe el literal del PDF.",27993,0,14,,,Público Civil y Comercial
resueltas_por_tipo_proceso,materia_cruda,str,,fuente,"Nombre de la materia tal como está impreso en el PDF, verbatim, errata incluida. Solo se llena en las filas cuyo eje es materia.",27993,0,15,,,Juzgados Públicos en Materia Civil y Comercial de Ciudades Capitales y El Alto
resueltas_por_tipo_proceso,ciudad,str,,fuente,Ciudad capital (o El Alto) a la que corresponde la fila. Solo se llena en el cuadro 9.1.3 y en las filas territoriales de ámbito capital de los capítulos 5 y 6.,13620,14373,10,,,SUCRE
resueltas_por_tipo_proceso,distrito,str,,fuente,"Distrito judicial. Coincide con el departamento salvo OFICINA NACIONAL / NACIONAL, que es la administración central. En los capítulos 5 y 6 se llena solo para el ámbito provincia.",11698,16295,9,,,CHUQUISACA
resueltas_por_tipo_proceso,departamento_derivado,str,,derivada,"Departamento deducido cuando el cuadro no lo trae: de la ciudad (El Alto pertenece a La Paz) o del distrito judicial. La comparación ignora mayúsculas, tildes y espacios, sin modificar el literal de origen. Queda nulo en totales nacionales y para OFICINA NACIONAL, que no son territorios.",25318,2675,9,,,Chuquisaca
resueltas_por_tipo_proceso,es_total_nacional,bool,,derivado,"True en las páginas de cierre de cada cuadro, donde la entidad es TOTAL NACIONAL en vez de una ciudad o un distrito.",27993,0,2,False,True,False
resueltas_por_tipo_proceso,grupo_proceso_norm,str,,derivado,"grupo_proceso resuelto contra la lista cerrada de etiquetas del capítulo: ORDINARIO, EXTRAORDINARIO, MONITOREO, PROCESO CONCURSALES, PROCESOS VOLUNTARIOS y las tres del fuero penal.",936,27057,3,,,PENAL COMÚN
resueltas_por_tipo_proceso,etapa_proceso_fuente,str,,derivado,"Etapa estructural publicada por el cuadro fuente. Se deriva mediante un mapa cerrado auditado contra el PDF: informes_inicio_investigacion, imputaciones_formales, causas o no_aplica. No homologa tipo_proceso.",27993,0,1,,,no_aplica
resueltas_por_tipo_proceso,contexto_accion_penal,str,,derivado,"Contexto penal padre de la fila fuente, auditado contra el PDF: penal_comun, anticorrupcion, violencia_mujeres o no_aplica. No homologa ni sobrescribe tipo_proceso.",27993,0,1,,,no_aplica
resueltas_por_tipo_proceso,gestion,Int64,año,fuente,Gestión (año) a la que corresponde el dato.,27993,0,1,2023,2023,2023
resueltas_por_tipo_proceso,revisado_manual,boolean,,trazabilidad,Marca de auditoría. Sale en False en todo el dataset: es la columna para ir marcando las filas que alguien verifique contra el PDF.,27993,0,1,False,False,False
resueltas_por_tipo_proceso,columna,str,,derivada,"Columna del cuadro, numerada de izquierda a derecha (col_01, col_02...). Se preserva aunque su significado auditado esté en las columnas canónicas derivadas.",27993,0,82,,,formas_resolucion_causas_sentencia
resueltas_por_tipo_proceso,valor,Int64,juzgados (o habitantes en col_01),fuente,"Valor de esa celda. En los cuadros provinciales la col_01 es población proyectada al 2022, no un conteo de juzgados; la última columna de cada fila es el total.",27993,0,1210,0,75642,373
resueltas_por_tipo_proceso,orden_columna,Int64,,derivado,"Posición de la columna dentro del cuadro, contada desde 1 de izquierda a derecha. Solo en las tablas de formato largo.",27993,0,13,1,13,1
resueltas_por_tipo_proceso,rotulo_columna_pdf,str,,literal del PDF,"Rótulo de la columna tal como lo imprime el anuario, con sus líneas separadas por ' / '. Permite leer un valor sin consultar el layout. Solo en las tablas de formato largo.",27993,0,149,,,FORMAS DE / RESOLUCIÓN DE / CAUSAS CON / SENTENCIA
apelaciones_por_tipo_proceso,cuadro_origen,str,,trazabilidad,"Identificador del cuadro del anuario del que sale la fila (por ejemplo 9.1.1). Con la página, permite verificar la cifra a mano contra el PDF.",37871,0,27,,,5.1.1.3
apelaciones_por_tipo_proceso,pagina_pdf,Int64,página,trazabilidad,"Página del PDF, contada desde 1, donde está impresa la fila. No coincide con el número impreso al pie en todos los capítulos.",37871,0,181,143,650,143
apelaciones_por_tipo_proceso,firma,str,,derivado,"Firma de encabezado del cuadro: identifica el LAYOUT, es decir el juego de columnas con el que se leyó la página. Es la clave de src/procesos.py. Se usa la firma y no el número de cuadro porque el anuario numera mal: hay dos cuadros distintos numerados 5.3.3.1 y un 6.3.1.4 en medio del capítulo 5.",37871,0,27,,,b0448f42a9
apelaciones_por_tipo_proceso,familia,str,,derivado,"Familia temática del cuadro dentro de los capítulos 5 y 6: causas, resueltas, apelacion, ejecucion u otros.",37871,0,1,,,apelacion
apelaciones_por_tipo_proceso,ambito,str,,derivada,"Territorio que cubre el cuadro: capital (ciudades capitales y El Alto), provincia (resto del país) o nacional (la suma de ambos). En los capítulos 5 y 6 se deriva del encabezado y de las entidades de la página, no del prefijo del cuadro.",37871,0,2,,,capital
apelaciones_por_tipo_proceso,titulo_pagina,str,,literal del PDF,"Encabezado corrido de la página, literal del PDF ('Juzgados Públicos en Materia Civil y Comercial de Ciudades Capitales y El Alto'). Es de donde sale la materia.",37871,0,15,,,Juzgados Públicos en Materia Civil y Comercial de Ciudades Capitales y El Alto
apelaciones_por_tipo_proceso,entidad,str,,literal del PDF,"Ciudad capital o distrito judicial al que pertenece la fila, tal como encabeza su bloque en la página. El ámbito sale del encabezado y las entidades, no de la numeración del cuadro, porque el 6.3.1.4 de las páginas 357-359 es de capitales. TOTAL NACIONAL aparece en la página de cierre de cada cuadro.",37871,0,15,,,SUCRE
apelaciones_por_tipo_proceso,num_juzgados_pagina,Int64,juzgados,literal del PDF,"Número de juzgados o tribunales que declara la línea de cabecera de la página ('SUCRE 14'). Vale para la ciudad entera y para el cuadro entero, NO por fila ni por tipo de proceso: el anuario no desagrega por juzgado en ninguna parte. No siempre coincide con el num_juzgados del cuadro 9.1.x; las diferencias están en auditoria/discrepancias.csv.",35748,2123,38,1,209,14
apelaciones_por_tipo_proceso,unidad_fila,str,,derivado,"Qué representa la fila: 'tipo_proceso' en los cuadros que desagregan por tipo de proceso dentro de cada ciudad, y 'entidad' en los cuadros de una sola página que traen una fila por ciudad y no abren el tipo de proceso.",37871,0,2,,,tipo_proceso
apelaciones_por_tipo_proceso,tipo_proceso_extraido,str,,literal extraído del PDF,Literal obtenido originalmente por la extracción geométrica del PDF antes de aplicar las correcciones deterministas auditadas. Se conserva exclusivamente para trazabilidad.,37703,168,137,,,O ORDINARIO
apelaciones_por_tipo_proceso,tipo_proceso,str,,literal reconstruido del PDF,Literal de la fila fuente reconstruido a partir del PDF. Las correcciones reparan únicamente defectos de extracción auditados; no corrigen errores editoriales ni realizan homologación semántica. Nulo cuando unidad_fila es 'entidad'.,37703,168,121,,,ORDINARIO
apelaciones_por_tipo_proceso,tipo_fila_derivado,str,,derivada,"Si la fila es un dato o un agregado: dato, total o subtotal. Permite excluir los agregados de las sumas sin adivinar sobre el texto del rótulo.",37871,0,2,,,detalle
apelaciones_por_tipo_proceso,orden_fila,Int64,,derivado,"Posición de la fila dentro de su página, contada desde 1. Conserva el orden impreso, que agrupa los tipos de proceso.",37871,0,26,1,26,1
apelaciones_por_tipo_proceso,n_columnas,Int64,columnas,derivada,Cuántas columnas numéricas tiene el cuadro del que sale la fila. Varía entre 5 y 19 según el departamento.,37871,0,3,8,10,9
apelaciones_por_tipo_proceso,materia_seccion,str,,derivado,Materia que fija la sección del cuadro (el tercer nivel de la numeración: 5.1.1.x y 6.1.1.x son civil y comercial). La materia no está escrita en la fila.,37871,0,8,,,PÚBLICO CIVIL Y COMERCIAL
apelaciones_por_tipo_proceso,tipo_accion_penal,float64,,derivado,"En las materias penales, el tipo de acción que parte la materia en tres (PENAL, ANTICORRUPCIÓN, CONTRA LA VIOLENCIA HACIA LA MUJER). Según el cuadro viene como etiqueta de grupo o como rótulo de fila. Nulo fuera del fuero penal.",0,37871,0,,,
apelaciones_por_tipo_proceso,materia_norm,str,,derivada,"materia_cruda con una única corrección: la errata de imprenta INSTRUCCÓN -> INSTRUCCIÓN. NO unifica mayúsculas, tildes ni variantes de redacción entre cuadros.",37871,0,8,,,PÚBLICO CIVIL Y COMERCIAL
apelaciones_por_tipo_proceso,materia_homologada,str,,derivada,"Materia derivada para facilitar cruces entre cuadros. Homologa únicamente equivalencias confirmadas mediante la auditoría del Anuario; si no existe una equivalencia aprobada, conserva materia_norm. No sobrescribe el literal del PDF.",37871,0,8,,,Público Civil y Comercial
apelaciones_por_tipo_proceso,materia_cruda,str,,fuente,"Nombre de la materia tal como está impreso en el PDF, verbatim, errata incluida. Solo se llena en las filas cuyo eje es materia.",37871,0,15,,,Juzgados Públicos en Materia Civil y Comercial de Ciudades Capitales y El Alto
apelaciones_por_tipo_proceso,ciudad,str,,fuente,Ciudad capital (o El Alto) a la que corresponde la fila. Solo se llena en el cuadro 9.1.3 y en las filas territoriales de ámbito capital de los capítulos 5 y 6.,18649,19222,10,,,SUCRE
apelaciones_por_tipo_proceso,distrito,str,,fuente,"Distrito judicial. Coincide con el departamento salvo OFICINA NACIONAL / NACIONAL, que es la administración central. En los capítulos 5 y 6 se llena solo para el ámbito provincia.",15624,22247,9,,,CHUQUISACA
apelaciones_por_tipo_proceso,departamento_derivado,str,,derivada,"Departamento deducido cuando el cuadro no lo trae: de la ciudad (El Alto pertenece a La Paz) o del distrito judicial. La comparación ignora mayúsculas, tildes y espacios, sin modificar el literal de origen. Queda nulo en totales nacionales y para OFICINA NACIONAL, que no son territorios.",34273,3598,9,,,Chuquisaca
apelaciones_por_tipo_proceso,es_total_nacional,bool,,derivado,"True en las páginas de cierre de cada cuadro, donde la entidad es TOTAL NACIONAL en vez de una ciudad o un distrito.",37871,0,2,False,True,False
apelaciones_por_tipo_proceso,etapa_proceso_fuente,str,,derivado,"Etapa estructural publicada por el cuadro fuente. Se deriva mediante un mapa cerrado auditado contra el PDF: informes_inicio_investigacion, imputaciones_formales, causas o no_aplica. No homologa tipo_proceso.",37871,0,1,,,no_aplica
apelaciones_por_tipo_proceso,contexto_accion_penal,str,,derivado,"Contexto penal padre de la fila fuente, auditado contra el PDF: penal_comun, anticorrupcion, violencia_mujeres o no_aplica. No homologa ni sobrescribe tipo_proceso.",37871,0,1,,,no_aplica
apelaciones_por_tipo_proceso,gestion,Int64,año,fuente,Gestión (año) a la que corresponde el dato.,37871,0,1,2023,2023,2023
apelaciones_por_tipo_proceso,revisado_manual,boolean,,trazabilidad,Marca de auditoría. Sale en False en todo el dataset: es la columna para ir marcando las filas que alguien verifique contra el PDF.,37871,0,1,False,False,False
apelaciones_por_tipo_proceso,columna,str,,derivada,"Columna del cuadro, numerada de izquierda a derecha (col_01, col_02...). Se preserva aunque su significado auditado esté en las columnas canónicas derivadas.",37871,0,76,,,recursos_apelacion_efecto_suspensivo_nuevos
apelaciones_por_tipo_proceso,valor,Int64,juzgados (o habitantes en col_01),fuente,"Valor de esa celda. En los cuadros provinciales la col_01 es población proyectada al 2022, no un conteo de juzgados; la última columna de cada fila es el total.",37871,0,489,0,9126,166
apelaciones_por_tipo_proceso,orden_columna,Int64,,derivado,"Posición de la columna dentro del cuadro, contada desde 1 de izquierda a derecha. Solo en las tablas de formato largo.",37871,0,10,1,10,1
apelaciones_por_tipo_proceso,rotulo_columna_pdf,str,,literal del PDF,"Rótulo de la columna tal como lo imprime el anuario, con sus líneas separadas por ' / '. Permite leer un valor sin consultar el layout. Solo en las tablas de formato largo.",37871,0,149,,,RECURSOS DE / APELACIÓN EN / EFECTO / SUSPENSIVO / NUEVOS / INTERPUESTOS / AL JUZGADO
ejecucion_por_tipo_proceso,cuadro_origen,str,,trazabilidad,"Identificador del cuadro del anuario del que sale la fila (por ejemplo 9.1.1). Con la página, permite verificar la cifra a mano contra el PDF.",10015,0,11,,,5.1.1.5
ejecucion_por_tipo_proceso,pagina_pdf,Int64,página,trazabilidad,"Página del PDF, contada desde 1, donde está impresa la fila. No coincide con el número impreso al pie en todos los capítulos.",10015,0,85,165,606,165
ejecucion_por_tipo_proceso,firma,str,,derivado,"Firma de encabezado del cuadro: identifica el LAYOUT, es decir el juego de columnas con el que se leyó la página. Es la clave de src/procesos.py. Se usa la firma y no el número de cuadro porque el anuario numera mal: hay dos cuadros distintos numerados 5.3.3.1 y un 6.3.1.4 en medio del capítulo 5.",10015,0,10,,,2e504f9e99
ejecucion_por_tipo_proceso,familia,str,,derivado,"Familia temática del cuadro dentro de los capítulos 5 y 6: causas, resueltas, apelacion, ejecucion u otros.",10015,0,1,,,ejecucion
ejecucion_por_tipo_proceso,ambito,str,,derivada,"Territorio que cubre el cuadro: capital (ciudades capitales y El Alto), provincia (resto del país) o nacional (la suma de ambos). En los capítulos 5 y 6 se deriva del encabezado y de las entidades de la página, no del prefijo del cuadro.",10015,0,2,,,capital
ejecucion_por_tipo_proceso,titulo_pagina,str,,literal del PDF,"Encabezado corrido de la página, literal del PDF ('Juzgados Públicos en Materia Civil y Comercial de Ciudades Capitales y El Alto'). Es de donde sale la materia.",10015,0,10,,,Juzgados Públicos en Materia Civil y Comercial de Ciudades Capitales y El Alto
ejecucion_por_tipo_proceso,entidad,str,,literal del PDF,"Ciudad capital o distrito judicial al que pertenece la fila, tal como encabeza su bloque en la página. El ámbito sale del encabezado y las entidades, no de la numeración del cuadro, porque el 6.3.1.4 de las páginas 357-359 es de capitales. TOTAL NACIONAL aparece en la página de cierre de cada cuadro.",10015,0,14,,,SUCRE
ejecucion_por_tipo_proceso,num_juzgados_pagina,Int64,juzgados,literal del PDF,"Número de juzgados o tribunales que declara la línea de cabecera de la página ('SUCRE 14'). Vale para la ciudad entera y para el cuadro entero, NO por fila ni por tipo de proceso: el anuario no desagrega por juzgado en ninguna parte. No siempre coincide con el num_juzgados del cuadro 9.1.x; las diferencias están en auditoria/discrepancias.csv.",9894,121,38,1,209,14
ejecucion_por_tipo_proceso,unidad_fila,str,,derivado,"Qué representa la fila: 'tipo_proceso' en los cuadros que desagregan por tipo de proceso dentro de cada ciudad, y 'entidad' en los cuadros de una sola página que traen una fila por ciudad y no abren el tipo de proceso.",10015,0,2,,,tipo_proceso
ejecucion_por_tipo_proceso,tipo_proceso_extraido,str,,literal extraído del PDF,Literal obtenido originalmente por la extracción geométrica del PDF antes de aplicar las correcciones deterministas auditadas. Se conserva exclusivamente para trazabilidad.,9894,121,113,,,ORDINARIO
ejecucion_por_tipo_proceso,tipo_proceso,str,,literal reconstruido del PDF,Literal de la fila fuente reconstruido a partir del PDF. Las correcciones reparan únicamente defectos de extracción auditados; no corrigen errores editoriales ni realizan homologación semántica. Nulo cuando unidad_fila es 'entidad'.,9894,121,106,,,ORDINARIO
ejecucion_por_tipo_proceso,tipo_fila_derivado,str,,derivada,"Si la fila es un dato o un agregado: dato, total o subtotal. Permite excluir los agregados de las sumas sin adivinar sobre el texto del rótulo.",10015,0,2,,,detalle
ejecucion_por_tipo_proceso,orden_fila,Int64,,derivado,"Posición de la fila dentro de su página, contada desde 1. Conserva el orden impreso, que agrupa los tipos de proceso.",10015,0,30,1,30,1
ejecucion_por_tipo_proceso,n_columnas,Int64,columnas,derivada,Cuántas columnas numéricas tiene el cuadro del que sale la fila. Varía entre 5 y 19 según el departamento.,10015,0,2,5,11,5
ejecucion_por_tipo_proceso,materia_seccion,str,,derivado,Materia que fija la sección del cuadro (el tercer nivel de la numeración: 5.1.1.x y 6.1.1.x son civil y comercial). La materia no está escrita en la fila.,10015,0,6,,,PÚBLICO CIVIL Y COMERCIAL
ejecucion_por_tipo_proceso,tipo_accion_penal,float64,,derivado,"En las materias penales, el tipo de acción que parte la materia en tres (PENAL, ANTICORRUPCIÓN, CONTRA LA VIOLENCIA HACIA LA MUJER). Según el cuadro viene como etiqueta de grupo o como rótulo de fila. Nulo fuera del fuero penal.",0,10015,0,,,
ejecucion_por_tipo_proceso,materia_norm,str,,derivada,"materia_cruda con una única corrección: la errata de imprenta INSTRUCCÓN -> INSTRUCCIÓN. NO unifica mayúsculas, tildes ni variantes de redacción entre cuadros.",10015,0,6,,,PÚBLICO CIVIL Y COMERCIAL
ejecucion_por_tipo_proceso,materia_homologada,str,,derivada,"Materia derivada para facilitar cruces entre cuadros. Homologa únicamente equivalencias confirmadas mediante la auditoría del Anuario; si no existe una equivalencia aprobada, conserva materia_norm. No sobrescribe el literal del PDF.",10015,0,6,,,Público Civil y Comercial
ejecucion_por_tipo_proceso,materia_cruda,str,,fuente,"Nombre de la materia tal como está impreso en el PDF, verbatim, errata incluida. Solo se llena en las filas cuyo eje es materia.",10015,0,10,,,Juzgados Públicos en Materia Civil y Comercial de Ciudades Capitales y El Alto
ejecucion_por_tipo_proceso,ciudad,str,,fuente,Ciudad capital (o El Alto) a la que corresponde la fila. Solo se llena en el cuadro 9.1.3 y en las filas territoriales de ámbito capital de los capítulos 5 y 6.,5059,4956,10,,,SUCRE
ejecucion_por_tipo_proceso,distrito,str,,fuente,"Distrito judicial. Coincide con el departamento salvo OFICINA NACIONAL / NACIONAL, que es la administración central. En los capítulos 5 y 6 se llena solo para el ámbito provincia.",4005,6010,9,,,CHUQUISACA
ejecucion_por_tipo_proceso,departamento_derivado,str,,derivada,"Departamento deducido cuando el cuadro no lo trae: de la ciudad (El Alto pertenece a La Paz) o del distrito judicial. La comparación ignora mayúsculas, tildes y espacios, sin modificar el literal de origen. Queda nulo en totales nacionales y para OFICINA NACIONAL, que no son territorios.",9064,951,9,,,Chuquisaca
ejecucion_por_tipo_proceso,es_total_nacional,bool,,derivado,"True en las páginas de cierre de cada cuadro, donde la entidad es TOTAL NACIONAL en vez de una ciudad o un distrito.",10015,0,2,False,True,False
ejecucion_por_tipo_proceso,etapa_proceso_fuente,str,,derivado,"Etapa estructural publicada por el cuadro fuente. Se deriva mediante un mapa cerrado auditado contra el PDF: informes_inicio_investigacion, imputaciones_formales, causas o no_aplica. No homologa tipo_proceso.",10015,0,1,,,no_aplica
ejecucion_por_tipo_proceso,contexto_accion_penal,str,,derivado,"Contexto penal padre de la fila fuente, auditado contra el PDF: penal_comun, anticorrupcion, violencia_mujeres o no_aplica. No homologa ni sobrescribe tipo_proceso.",10015,0,1,,,no_aplica
ejecucion_por_tipo_proceso,revisado_manual,boolean,,trazabilidad,Marca de auditoría. Sale en False en todo el dataset: es la columna para ir marcando las filas que alguien verifique contra el PDF.,10015,0,1,False,False,False
ejecucion_por_tipo_proceso,columna,str,,derivada,"Columna del cuadro, numerada de izquierda a derecha (col_01, col_02...). Se preserva aunque su significado auditado esté en las columnas canónicas derivadas.",10015,0,40,,,causas_readecuadas_ley_439
ejecucion_por_tipo_proceso,valor,Int64,juzgados (o habitantes en col_01),fuente,"Valor de esa celda. En los cuadros provinciales la col_01 es población proyectada al 2022, no un conteo de juzgados; la última columna de cada fila es el total.",10015,0,873,0,53536,454
ejecucion_por_tipo_proceso,orden_columna,Int64,,derivado,"Posición de la columna dentro del cuadro, contada desde 1 de izquierda a derecha. Solo en las tablas de formato largo.",10015,0,11,1,11,1
ejecucion_por_tipo_proceso,rotulo_columna_pdf,str,,literal del PDF,"Rótulo de la columna tal como lo imprime el anuario, con sus líneas separadas por ' / '. Permite leer un valor sin consultar el layout. Solo en las tablas de formato largo.",10015,0,45,,,MOVIMIENTO REGISTRADO / CAUSAS EN / EJECUCION DE / SENTENCIA / READECUADAS A LA / LEY N° 439
otros_tramites_por_tipo_proceso,cuadro_origen,str,,trazabilidad,"Identificador del cuadro del anuario del que sale la fila (por ejemplo 9.1.1). Con la página, permite verificar la cifra a mano contra el PDF.",6028,0,22,,,5.1.2.6
otros_tramites_por_tipo_proceso,pagina_pdf,Int64,página,trazabilidad,"Página del PDF, contada desde 1, donde está impresa la fila. No coincide con el número impreso al pie en todos los capítulos.",6028,0,43,232,648,232
otros_tramites_por_tipo_proceso,firma,str,,derivado,"Firma de encabezado del cuadro: identifica el LAYOUT, es decir el juego de columnas con el que se leyó la página. Es la clave de src/procesos.py. Se usa la firma y no el número de cuadro porque el anuario numera mal: hay dos cuadros distintos numerados 5.3.3.1 y un 6.3.1.4 en medio del capítulo 5.",6028,0,22,,,bf4c27924f
otros_tramites_por_tipo_proceso,familia,str,,derivado,"Familia temática del cuadro dentro de los capítulos 5 y 6: causas, resueltas, apelacion, ejecucion u otros.",6028,0,1,,,otros
otros_tramites_por_tipo_proceso,ambito,str,,derivada,"Territorio que cubre el cuadro: capital (ciudades capitales y El Alto), provincia (resto del país) o nacional (la suma de ambos). En los capítulos 5 y 6 se deriva del encabezado y de las entidades de la página, no del prefijo del cuadro.",6028,0,2,,,capital
otros_tramites_por_tipo_proceso,titulo_pagina,str,,literal del PDF,"Encabezado corrido de la página, literal del PDF ('Juzgados Públicos en Materia Civil y Comercial de Ciudades Capitales y El Alto'). Es de donde sale la materia.",5973,55,11,,,Juzgados Públicos en Materia de Familia de Ciudades Capitales y El Alto
otros_tramites_por_tipo_proceso,entidad,str,,literal del PDF,"Ciudad capital o distrito judicial al que pertenece la fila, tal como encabeza su bloque en la página. El ámbito sale del encabezado y las entidades, no de la numeración del cuadro, porque el 6.3.1.4 de las páginas 357-359 es de capitales. TOTAL NACIONAL aparece en la página de cierre de cada cuadro.",6028,0,15,,,SUCRE
otros_tramites_por_tipo_proceso,num_juzgados_pagina,Int64,juzgados,literal del PDF,"Número de juzgados o tribunales que declara la línea de cabecera de la página ('SUCRE 14'). Vale para la ciudad entera y para el cuadro entero, NO por fila ni por tipo de proceso: el anuario no desagrega por juzgado en ninguna parte. No siempre coincide con el num_juzgados del cuadro 9.1.x; las diferencias están en auditoria/discrepancias.csv.",4850,1178,34,0,177,10
otros_tramites_por_tipo_proceso,unidad_fila,str,,derivado,"Qué representa la fila: 'tipo_proceso' en los cuadros que desagregan por tipo de proceso dentro de cada ciudad, y 'entidad' en los cuadros de una sola página que traen una fila por ciudad y no abren el tipo de proceso.",6028,0,2,,,tipo_proceso
otros_tramites_por_tipo_proceso,grupo_proceso,str,,literal del PDF,"Etiqueta del grupo al que pertenece la fila, verbatim. Viene impresa EN VERTICAL en el margen izquierdo del cuadro y llega con el corte de palabra del PDF ('EXTRAORDI NARIO'), que no se puede deshacer desde la geometría.",880,5148,6,,,DENTRO DE UN
otros_tramites_por_tipo_proceso,tipo_proceso_extraido,str,,literal extraído del PDF,Literal obtenido originalmente por la extracción geométrica del PDF antes de aplicar las correcciones deterministas auditadas. Se conserva exclusivamente para trazabilidad.,4850,1178,49,,,INCREMENTO DE ASISTENCIA FAMILIAR
otros_tramites_por_tipo_proceso,tipo_proceso,str,,literal reconstruido del PDF,Literal de la fila fuente reconstruido a partir del PDF. Las correcciones reparan únicamente defectos de extracción auditados; no corrigen errores editoriales ni realizan homologación semántica. Nulo cuando unidad_fila es 'entidad'.,4850,1178,34,,,INCREMENTO DE ASISTENCIA FAMILIAR
otros_tramites_por_tipo_proceso,tipo_fila_derivado,str,,derivada,"Si la fila es un dato o un agregado: dato, total o subtotal. Permite excluir los agregados de las sumas sin adivinar sobre el texto del rótulo.",6028,0,2,,,detalle
otros_tramites_por_tipo_proceso,orden_fila,Int64,,derivado,"Posición de la fila dentro de su página, contada desde 1. Conserva el orden impreso, que agrupa los tipos de proceso.",6028,0,40,1,40,1
otros_tramites_por_tipo_proceso,n_columnas,Int64,columnas,derivada,Cuántas columnas numéricas tiene el cuadro del que sale la fila. Varía entre 5 y 19 según el departamento.,6028,0,8,2,15,5
otros_tramites_por_tipo_proceso,materia_seccion,str,,derivado,Materia que fija la sección del cuadro (el tercer nivel de la numeración: 5.1.1.x y 6.1.1.x son civil y comercial). La materia no está escrita en la fila.,6028,0,6,,,PÚBLICO DE FAMILIA
otros_tramites_por_tipo_proceso,tipo_accion_penal,str,,derivado,"En las materias penales, el tipo de acción que parte la materia en tres (PENAL, ANTICORRUPCIÓN, CONTRA LA VIOLENCIA HACIA LA MUJER). Según el cuadro viene como etiqueta de grupo o como rótulo de fila. Nulo fuera del fuero penal.",1402,4626,3,,,PENAL
otros_tramites_por_tipo_proceso,materia_norm,str,,derivada,"materia_cruda con una única corrección: la errata de imprenta INSTRUCCÓN -> INSTRUCCIÓN. NO unifica mayúsculas, tildes ni variantes de redacción entre cuadros.",6028,0,11,,,PÚBLICO DE FAMILIA
otros_tramites_por_tipo_proceso,materia_homologada,str,,derivada,"Materia derivada para facilitar cruces entre cuadros. Homologa únicamente equivalencias confirmadas mediante la auditoría del Anuario; si no existe una equivalencia aprobada, conserva materia_norm. No sobrescribe el literal del PDF.",6028,0,11,,,Público de Familia
otros_tramites_por_tipo_proceso,materia_cruda,str,,fuente,"Nombre de la materia tal como está impreso en el PDF, verbatim, errata incluida. Solo se llena en las filas cuyo eje es materia.",5973,55,11,,,Juzgados Públicos en Materia de Familia de Ciudades Capitales y El Alto
otros_tramites_por_tipo_proceso,ciudad,str,,fuente,Ciudad capital (o El Alto) a la que corresponde la fila. Solo se llena en el cuadro 9.1.3 y en las filas territoriales de ámbito capital de los capítulos 5 y 6.,2942,3086,10,,,SUCRE
otros_tramites_por_tipo_proceso,distrito,str,,fuente,"Distrito judicial. Coincide con el departamento salvo OFICINA NACIONAL / NACIONAL, que es la administración central. En los capítulos 5 y 6 se llena solo para el ámbito provincia.",2493,3535,9,,,CHUQUISACA
otros_tramites_por_tipo_proceso,departamento_derivado,str,,derivada,"Departamento deducido cuando el cuadro no lo trae: de la ciudad (El Alto pertenece a La Paz) o del distrito judicial. La comparación ignora mayúsculas, tildes y espacios, sin modificar el literal de origen. Queda nulo en totales nacionales y para OFICINA NACIONAL, que no son territorios.",5435,593,9,,,Chuquisaca
otros_tramites_por_tipo_proceso,es_total_nacional,bool,,derivado,"True en las páginas de cierre de cada cuadro, donde la entidad es TOTAL NACIONAL en vez de una ciudad o un distrito.",6028,0,2,False,True,False
otros_tramites_por_tipo_proceso,grupo_proceso_norm,str,,derivado,"grupo_proceso resuelto contra la lista cerrada de etiquetas del capítulo: ORDINARIO, EXTRAORDINARIO, MONITOREO, PROCESO CONCURSALES, PROCESOS VOLUNTARIOS y las tres del fuero penal.",880,5148,4,,,DEMANDAS NUEVAS DENTRO DE UN PROCESO ART. 415 Y SGTES.
otros_tramites_por_tipo_proceso,etapa_proceso_fuente,str,,derivado,"Etapa estructural publicada por el cuadro fuente. Se deriva mediante un mapa cerrado auditado contra el PDF: informes_inicio_investigacion, imputaciones_formales, causas o no_aplica. No homologa tipo_proceso.",6028,0,1,,,no_aplica
otros_tramites_por_tipo_proceso,contexto_accion_penal,str,,derivado,"Contexto penal padre de la fila fuente, auditado contra el PDF: penal_comun, anticorrupcion, violencia_mujeres o no_aplica. No homologa ni sobrescribe tipo_proceso.",6028,0,1,,,no_aplica
otros_tramites_por_tipo_proceso,gestion,Int64,año,fuente,Gestión (año) a la que corresponde el dato.,6028,0,1,2023,2023,2023
otros_tramites_por_tipo_proceso,revisado_manual,boolean,,trazabilidad,Marca de auditoría. Sale en False en todo el dataset: es la columna para ir marcando las filas que alguien verifique contra el PDF.,6028,0,1,False,False,False
otros_tramites_por_tipo_proceso,columna,str,,derivada,"Columna del cuadro, numerada de izquierda a derecha (col_01, col_02...). Se preserva aunque su significado auditado esté en las columnas canónicas derivadas.",6028,0,139,,,incidentes_pendientes_iniciar_gestion
otros_tramites_por_tipo_proceso,valor,Int64,juzgados (o habitantes en col_01),fuente,"Valor de esa celda. En los cuadros provinciales la col_01 es población proyectada al 2022, no un conteo de juzgados; la última columna de cada fila es el total.",6028,0,798,0,33994,62
otros_tramites_por_tipo_proceso,orden_columna,Int64,,derivado,"Posición de la columna dentro del cuadro, contada desde 1 de izquierda a derecha. Solo en las tablas de formato largo.",6028,0,15,1,15,1
otros_tramites_por_tipo_proceso,rotulo_columna_pdf,str,,literal del PDF,"Rótulo de la columna tal como lo imprime el anuario, con sus líneas separadas por ' / '. Permite leer un valor sin consultar el layout. Solo en las tablas de formato largo.",6028,0,176,,,INCIDENTES PENDIENTES AL / INICIAR LA GESTIÓN
