cuadro_origen,pagina_pdf,distrito,ente,items_mujer,items_varon,items_acefalias,items_total,remun_mujer,remun_varon,remun_acefalias,remun_total,distrito_derivado_del_bloque,departamento_derivado,tipo_fila_derivado,gestion,revisado_manual
14.1.1,743,NACIONAL,Tribunal Supremo de Justicia,62,103,2,167,528887,1142866,18013,1689766,True,,dato,2023,False
14.1.1,743,NACIONAL,DAF Enlace en el TSJ,11,11,0,22,52002,73388,0,125390,True,,dato,2023,False
14.1.1,743,NACIONAL,Dirección General Administrativa Financiera,56,56,0,112,428482,504549,0,933031,True,,dato,2023,False
14.1.1,743,NACIONAL,Consejo de la Magistratura,64,67,3,134,575091,706632,27665,1309388,True,,dato,2023,False
14.1.1,743,NACIONAL,DAF Enlace en el CM,16,4,0,20,91339,22738,0,114077,True,,dato,2023,False
14.1.1,743,NACIONAL,Derechos Reales,4,2,0,6,31023,27470,0,58493,True,,dato,2023,False
14.1.1,743,NACIONAL,Tribunal Agroambiental,36,43,0,79,366513,503544,0,870057,True,,dato,2023,False
14.1.1,743,NACIONAL,DAF Enlace,16,5,0,21,100913,23097,0,124010,True,,dato,2023,False
14.1.1,743,NACIONAL,SUB TOTAL,265,291,5,561,2174250,3004284,45678,5224212,True,,subtotal,2023,False
14.1.1,743,CHUQUISACA,Tribunal Departamental de Justicia,256,187,32,475,1452399,1569320,134625,3156344,True,Chuquisaca,dato,2023,False
14.1.1,743,CHUQUISACA,Consejo de la Magistratura,14,9,0,23,102291,57800,0,160091,True,Chuquisaca,dato,2023,False
14.1.1,743,CHUQUISACA,Derechos Reales,26,8,1,35,121098,33154,7696,161948,True,Chuquisaca,dato,2023,False
14.1.1,743,CHUQUISACA,Juzgados Disciplinarios,4,2,0,6,26738,17930,,44668,True,Chuquisaca,dato,2023,False
14.1.1,743,CHUQUISACA,DAF Enlace,16,10,0,26,77706,66110,0,143816,True,Chuquisaca,dato,2023,False
14.1.1,743,CHUQUISACA,SUB TOTAL,316,216,33,565,1780232,1744314,142321,3666867,True,Chuquisaca,subtotal,2023,False
14.1.1,743,LA PAZ,Tribunal Departamental de Justicia,671,528,76,1275,3976337,4175800,310212,8462349,True,La Paz,dato,2023,False
14.1.1,743,LA PAZ,Consejo de la Magistratura,20,16,0,36,146849,105791,0,252640,True,La Paz,dato,2023,False
14.1.1,743,LA PAZ,Derechos Reales,72,87,3,162,329520,401827,19282,750629,True,La Paz,dato,2023,False
14.1.1,743,LA PAZ,Juzgados Disciplinarios,9,3,0,12,57098,32238,0,89336,True,La Paz,dato,2023,False
14.1.1,743,LA PAZ,DAF Enlace,25,49,1,75,123306,256802,5859,385967,True,La Paz,dato,2023,False
14.1.1,743,LA PAZ,SUB TOTAL,797,683,80,1560,4633110,4972458,335353,9940921,True,La Paz,subtotal,2023,False
14.1.1,743,COCHABAMBA,Tribunal Departamental de Justicia,501,355,34,890,3254487,2673918,190186,6118591,True,Cochabamba,dato,2023,False
14.1.1,743,COCHABAMBA,Consejo de la Magistratura,18,14,0,32,118498,110570,0,229068,True,Cochabamba,dato,2023,False
14.1.1,743,COCHABAMBA,Derechos Reales,78,54,0,132,316366,262553,0,578919,True,Cochabamba,dato,2023,False
14.1.1,743,COCHABAMBA,Juzgados Disciplinarios,5,4,0,9,30360,36642,0,67002,True,Cochabamba,dato,2023,False
14.1.1,743,COCHABAMBA,DAF Enlace,22,26,1,49,110663,154725,10380,275768,True,Cochabamba,dato,2023,False
14.1.1,743,COCHABAMBA,SUB TOTAL,624,453,35,1112,3830374,3238408,200566,7269348,True,Cochabamba,subtotal,2023,False
14.1.1,743,ORURO,Tribunal Departamental de Justicia,194,160,35,389,1165029,1268093,172687,2605809,True,Oruro,dato,2023,False
14.1.1,743,ORURO,Consejo de la Magistratura,13,11,0,24,94727,75708,0,170435,True,Oruro,dato,2023,False
14.1.1,743,ORURO,Derechos Reales,14,12,1,27,61306,57260,7696,126262,True,Oruro,dato,2023,False
14.1.1,743,ORURO,Juzgados Disciplinarios,5,1,0,6,30360,14308,0,44668,True,Oruro,dato,2023,False
14.1.1,743,ORURO,DAF Enlace,13,11,0,24,64982,74138,0,139120,True,Oruro,dato,2023,False
14.1.1,743,ORURO,SUB TOTAL,239,195,36,470,1416404,1489507,180383,3086294,True,Oruro,subtotal,2023,False
14.1.1,744,POTOSI,Tribunal Departamental de Justicia,279,182,39,500,1520860,1611261,205022,3337143,True,Potosí,dato,2023,False
14.1.1,744,POTOSI,Consejo de la Magistratura,18,4,1,23,132036,25655,6372,164063,True,Potosí,dato,2023,False
14.1.1,744,POTOSI,Derechos Reales,28,11,1,40,121994,59440,3622,185056,True,Potosí,dato,2023,False
14.1.1,744,POTOSI,Juzgados Disciplinarios,5,1,0,6,41046,3622,0,44668,True,Potosí,dato,2023,False
14.1.1,744,POTOSI,DAF Enlace,10,14,1,25,51741,84332,7696,143769,True,Potosí,dato,2023,False
14.1.1,744,POTOSI,SUB TOTAL,340,212,42,594,1867677,1784310,222712,3874699,True,Potosí,subtotal,2023,False
14.1.1,744,TARIJA,Tribunal Departamental de Justicia,268,140,15,423,1588554,1178200,81239,2847993,True,Tarija,dato,2023,False
14.1.1,744,TARIJA,Consejo de la Magistratura,13,10,0,23,98741,68920,0,167661,True,Tarija,dato,2023,False
14.1.1,744,TARIJA,Derechos Reales,28,10,0,38,110884,60056,0,170940,True,Tarija,dato,2023,False
14.1.1,744,TARIJA,Juzgados Disciplinarios,5,1,0,6,30360,14308,0,44668,True,Tarija,dato,2023,False
14.1.1,744,TARIJA,DAF Enlace,24,8,0,32,131044,45486,0,176530,True,Tarija,dato,2023,False
14.1.1,744,TARIJA,SUB TOTAL,338,169,15,522,1959583,1366970,81239,3407792,True,Tarija,subtotal,2023,False
14.1.1,744,SANTA CRUZ,Tribunal Departamental de Justicia,628,412,42,1082,3828537,3301449,162965,7292951,True,Santa Cruz,dato,2023,False
14.1.1,744,SANTA CRUZ,Consejo de la Magistratura,17,17,0,34,126491,111723,0,238214,True,Santa Cruz,dato,2023,False
14.1.1,744,SANTA CRUZ,Derechos Reales,113,52,1,166,491201,241920,5132,738253,True,Santa Cruz,dato,2023,False
14.1.1,744,SANTA CRUZ,Juzgados Disciplinarios,6,3,0,9,34764,32238,0,67002,True,Santa Cruz,dato,2023,False
14.1.1,744,SANTA CRUZ,DAF Enlace,34,23,0,57,170926,147101,0,318027,True,Santa Cruz,dato,2023,False
14.1.1,744,SANTA CRUZ,SUB TOTAL,798,507,43,1348,4651919,3834431,168097,8654447,True,Santa Cruz,subtotal,2023,False
14.1.1,744,BENI,Tribunal Departamental de Justicia,184,141,9,334,1036552,1192864,61290,2290706,True,Beni,dato,2023,False
14.1.1,744,BENI,Consejo de la Magistratura,7,15,0,22,40528,118710,0,159238,True,Beni,dato,2023,False
14.1.1,744,BENI,Derechos Reales,18,7,1,26,81792,33810,7696,123298,True,Beni,dato,2023,False
14.1.1,744,BENI,Juzgados Disciplinarios,5,1,0,6,30360,14308,0,44668,True,Beni,dato,2023,False
14.1.1,744,BENI,DAF Enlace,9,16,0,25,49175,101579,0,150754,True,Beni,dato,2023,False
14.1.1,744,BENI,SUB TOTAL,223,180,10,413,1238407,1461271,68986,2768664,True,Beni,subtotal,2023,False
14.1.1,744,PANDO,Tribunal Departamental de Justicia,68,54,22,144,388720,448766,165505,1002991,True,Pando,dato,2023,False
14.1.1,744,PANDO,Consejo de la Magistratura,6,7,0,13,35620,56086,0,91706,True,Pando,dato,2023,False
14.1.1,744,PANDO,Derechos Reales,7,0,0,7,34520,0,0,34520,True,Pando,dato,2023,False
14.1.1,744,PANDO,Juzgados Disciplinarios,3,0,0,3,22334,0,0,22334,True,Pando,dato,2023,False
14.1.1,744,PANDO,DAF Enlace,7,8,0,15,38780,58925,0,97705,True,Pando,dato,2023,False
14.1.1,744,PANDO,SUB TOTAL,91,69,22,182,519974,563777,165505,1249256,True,Pando,subtotal,2023,False
14.1.1,744,,TOTAL GENERAL,4031,2975,321,7327,24071930,23459730,1610840,49142500,True,,total,2023,False
14.1.2,745,,Tribunal Supremo de Justicia,62,103,2,167,528887,1142866,18013,1689766,,,dato,2023,False
14.1.2,745,,Tribunal Agroambiental,36,43,0,79,366513,503544,0,870057,,,dato,2023,False
14.1.2,745,,Tribunales Departamentales de Justicia,3049,2159,304,5512,18211475,17419671,1483731,37114877,,,dato,2023,False
14.1.2,745,,Consejo de la Magistratura,190,170,4,364,1470872,1437595,34037,2942504,,,dato,2023,False
14.1.2,745,,Derechos Reales,388,243,8,639,1699704,1177490,51124,2928318,,,dato,2023,False
14.1.2,745,,Juzgados Disciplinarios,47,16,0,63,303420,165594,0,469014,,,dato,2023,False
14.1.2,745,,Dirección General Administrativa Financiera,259,241,3,503,1491059,1612970,23935,3127964,,,dato,2023,False
14.1.2,745,,TOTAL NIVEL NACIONAL,4031,2975,321,7327,24071930,23459730,1610840,49142500,,,total,2023,False
14.1.2,745,,RELACIÓN PORCENTUAL,55,41,4,100,49,48,3,100,,,dato,2023,False
14.1.3,746,OFICINA NACIONAL,,265,291,5,561,2174250,3004284,45678,5224212,,,dato,2023,False
14.1.3,746,CHUQUISACA,,316,216,33,565,1780232,1744314,142321,3666867,,Chuquisaca,dato,2023,False
14.1.3,746,LA PAZ,,797,683,80,1560,4633110,4972458,335353,9940921,,La Paz,dato,2023,False
14.1.3,746,COCHABAMBA,,624,453,35,1112,3830374,3238408,200566,7269348,,Cochabamba,dato,2023,False
14.1.3,746,ORURO,,239,195,36,470,1416404,1489507,180383,3086294,,Oruro,dato,2023,False
14.1.3,746,POTOSI,,340,212,42,594,1867677,1784310,222712,3874699,,Potosí,dato,2023,False
14.1.3,746,TARIJA,,338,169,15,522,1959583,1366970,81239,3407792,,Tarija,dato,2023,False
14.1.3,746,SANTA CRUZ,,798,507,43,1348,4651919,3834431,168097,8654447,,Santa Cruz,dato,2023,False
14.1.3,746,BENI,,223,180,10,413,1238407,1461271,68986,2768664,,Beni,dato,2023,False
14.1.3,746,PANDO,,91,69,22,182,519974,563777,165505,1249256,,Pando,dato,2023,False
14.1.3,746,TOTALGENERAL,,4031,2975,321,7327,24071930,23459730,1610840,49142500,,,total,2023,False
14.1.3,746,RELACIÓN PORCENTUAL,,55,41,4,100,49,48,3,100,,,dato,2023,False
