tabla,columna,descripcion,rol_analitico,origen,grano,riesgo_leakage,observaciones
dataset_analitico_interno,cuadro_origen,"Identificador del cuadro del anuario del que sale la fila (por ejemplo 9.1.1). Con la página, permite verificar la cifra a mano contra el PDF.",trazabilidad,causas_por_tipo_proceso,ámbito × territorio × materia homologada × literal de proceso × etapa fuente × contexto penal,False,
dataset_analitico_interno,pagina_pdf,"Página del PDF, contada desde 1, donde está impresa la fila. No coincide con el número impreso al pie en todos los capítulos.",trazabilidad,causas_por_tipo_proceso,ámbito × territorio × materia homologada × literal de proceso × etapa fuente × contexto penal,False,
dataset_analitico_interno,firma,"Firma de encabezado del cuadro: identifica el LAYOUT, es decir el juego de columnas con el que se leyó la página. Es la clave de src/procesos.py. Se usa la firma y no el número de cuadro porque el anuario numera mal: hay dos cuadros distintos numerados 5.3.3.1 y un 6.3.1.4 en medio del capítulo 5.",trazabilidad,causas_por_tipo_proceso,ámbito × territorio × materia homologada × literal de proceso × etapa fuente × contexto penal,False,
dataset_analitico_interno,familia,"Familia temática del cuadro dentro de los capítulos 5 y 6: causas, resueltas, apelacion, ejecucion u otros.",trazabilidad,causas_por_tipo_proceso,ámbito × territorio × materia homologada × literal de proceso × etapa fuente × contexto penal,False,
dataset_analitico_interno,ambito,"Territorio que cubre el cuadro: capital (ciudades capitales y El Alto), provincia (resto del país) o nacional (la suma de ambos). En los capítulos 5 y 6 se deriva del encabezado y de las entidades de la página, no del prefijo del cuadro.",geografia,causas_por_tipo_proceso,ámbito × territorio × materia homologada × literal de proceso × etapa fuente × contexto penal,False,
dataset_analitico_interno,titulo_pagina,"Encabezado corrido de la página, literal del PDF ('Juzgados Públicos en Materia Civil y Comercial de Ciudades Capitales y El Alto'). Es de donde sale la materia.",trazabilidad,causas_por_tipo_proceso,ámbito × territorio × materia homologada × literal de proceso × etapa fuente × contexto penal,False,
dataset_analitico_interno,entidad,"Ciudad capital o distrito judicial al que pertenece la fila, tal como encabeza su bloque en la página. El ámbito sale del encabezado y las entidades, no de la numeración del cuadro, porque el 6.3.1.4 de las páginas 357-359 es de capitales. TOTAL NACIONAL aparece en la página de cierre de cada cuadro.",trazabilidad,causas_por_tipo_proceso,ámbito × territorio × materia homologada × literal de proceso × etapa fuente × contexto penal,False,
dataset_analitico_interno,num_juzgados_pagina,"Número de juzgados o tribunales que declara la línea de cabecera de la página ('SUCRE 14'). Vale para la ciudad entera y para el cuadro entero, NO por fila ni por tipo de proceso: el anuario no desagrega por juzgado en ninguna parte. No siempre coincide con el num_juzgados del cuadro 9.1.x; las diferencias están en auditoria/discrepancias.csv.",no_usar_como_predictor,causas_por_tipo_proceso,ámbito × territorio × materia homologada × literal de proceso × etapa fuente × contexto penal,False,Conteo nominal/de página; no sustituye un número físico auditado de juzgados.
dataset_analitico_interno,unidad_fila,"Qué representa la fila: 'tipo_proceso' en los cuadros que desagregan por tipo de proceso dentro de cada ciudad, y 'entidad' en los cuadros de una sola página que traen una fila por ciudad y no abren el tipo de proceso.",trazabilidad,causas_por_tipo_proceso,ámbito × territorio × materia homologada × literal de proceso × etapa fuente × contexto penal,False,
dataset_analitico_interno,grupo_proceso,"Etiqueta del grupo al que pertenece la fila, verbatim. Viene impresa EN VERTICAL en el margen izquierdo del cuadro y llega con el corte de palabra del PDF ('EXTRAORDI NARIO'), que no se puede deshacer desde la geometría.",proceso,causas_por_tipo_proceso,ámbito × territorio × materia homologada × literal de proceso × etapa fuente × contexto penal,False,
dataset_analitico_interno,tipo_proceso_extraido,Literal obtenido originalmente por la extracción geométrica del PDF antes de aplicar las correcciones deterministas auditadas. Se conserva exclusivamente para trazabilidad.,proceso,causas_por_tipo_proceso,ámbito × territorio × materia homologada × literal de proceso × etapa fuente × contexto penal,False,
dataset_analitico_interno,tipo_proceso,Literal de la fila fuente reconstruido a partir del PDF. Las correcciones reparan únicamente defectos de extracción auditados; no corrigen errores editoriales ni realizan homologación semántica. Nulo cuando unidad_fila es 'entidad'.,proceso,causas_por_tipo_proceso,ámbito × territorio × materia homologada × literal de proceso × etapa fuente × contexto penal,False,
dataset_analitico_interno,tipo_fila_derivado,"Si la fila es un dato o un agregado: dato, total o subtotal. Permite excluir los agregados de las sumas sin adivinar sobre el texto del rótulo.",trazabilidad,causas_por_tipo_proceso,ámbito × territorio × materia homologada × literal de proceso × etapa fuente × contexto penal,False,
dataset_analitico_interno,orden_fila,"Posición de la fila dentro de su página, contada desde 1. Conserva el orden impreso, que agrupa los tipos de proceso.",trazabilidad,causas_por_tipo_proceso,ámbito × territorio × materia homologada × literal de proceso × etapa fuente × contexto penal,False,
dataset_analitico_interno,n_columnas,Cuántas columnas numéricas tiene el cuadro del que sale la fila. Varía entre 5 y 19 según el departamento.,trazabilidad,causas_por_tipo_proceso,ámbito × territorio × materia homologada × literal de proceso × etapa fuente × contexto penal,False,
dataset_analitico_interno,readecuadas_ley_439,"Causas readecuadas a la Ley 439 (Código Procesal Civil): el arrastre de causas del código anterior. En los cuadros civiles ocupa el lugar que en el cuadro 9.1.x lleva pendientes_inicio, y cruza con él exactamente.",resultado,causas_por_tipo_proceso,ámbito × territorio × materia homologada × literal de proceso × etapa fuente × contexto penal,True,Resultado o componente del resultado: no usar como predictor del mismo outcome.
dataset_analitico_interno,recibidas_excusa_recusacion,"Causas recibidas de otro juzgado por excusa o recusación del juez original. Es un traslado, no un ingreso nuevo.",resultado,causas_por_tipo_proceso,ámbito × territorio × materia homologada × literal de proceso × etapa fuente × contexto penal,True,Resultado o componente del resultado: no usar como predictor del mismo outcome.
dataset_analitico_interno,preliminares_formalizados,Procesos preliminares que se formalizaron en demanda durante la gestión.,resultado,causas_por_tipo_proceso,ámbito × territorio × materia homologada × literal de proceso × etapa fuente × contexto penal,True,Resultado o componente del resultado: no usar como predictor del mismo outcome.
dataset_analitico_interno,cautelares_formalizados,Procesos cautelares que se formalizaron en demanda durante la gestión.,resultado,causas_por_tipo_proceso,ámbito × territorio × materia homologada × literal de proceso × etapa fuente × contexto penal,True,Resultado o componente del resultado: no usar como predictor del mismo outcome.
dataset_analitico_interno,nuevas_ingresadas,Causas nuevas ingresadas en la gestión. Es el ingreso genuino; las otras formas de ingreso son arrastres o traslados.,resultado,causas_por_tipo_proceso,ámbito × territorio × materia homologada × literal de proceso × etapa fuente × contexto penal,True,Resultado o componente del resultado: no usar como predictor del mismo outcome.
dataset_analitico_interno,atendidas,"Total de causas atendidas en la gestión. Es un stock, no un flujo: debe ser igual a pendientes_inicio + ingresadas y también a resueltas + pendientes_fin.",resultado,causas_por_tipo_proceso,ámbito × territorio × materia homologada × literal de proceso × etapa fuente × contexto penal,True,Resultado o componente del resultado: no usar como predictor del mismo outcome.
dataset_analitico_interno,resueltas,Causas resueltas durante la gestión.,resultado,causas_por_tipo_proceso,ámbito × territorio × materia homologada × literal de proceso × etapa fuente × contexto penal,True,Resultado o componente del resultado: no usar como predictor del mismo outcome.
dataset_analitico_interno,pendientes_fin,Causas que quedan pendientes para la próxima gestión.,resultado,causas_por_tipo_proceso,ámbito × territorio × materia homologada × literal de proceso × etapa fuente × contexto penal,True,Resultado o componente del resultado: no usar como predictor del mismo outcome.
dataset_analitico_interno,pendientes_inicio,Causas que venían pendientes de la gestión anterior.,resultado,causas_por_tipo_proceso,ámbito × territorio × materia homologada × literal de proceso × etapa fuente × contexto penal,True,Resultado o componente del resultado: no usar como predictor del mismo outcome.
dataset_analitico_interno,conciliacion,"Causas concluidas por conciliación, una de las salidas alternativas del procedimiento penal.",resultado,causas_por_tipo_proceso,ámbito × territorio × materia homologada × literal de proceso × etapa fuente × contexto penal,True,Resultado o componente del resultado: no usar como predictor del mismo outcome.
dataset_analitico_interno,num_juzgados,"Número NOMINAL de juzgados, no real: un juzgado mixto cuenta una vez por cada materia que atiende, así que el total nominal es mayor que la cantidad física de juzgados. No usar como conteo de juzgados existentes.",no_usar_como_predictor,causas_por_tipo_proceso,ámbito × territorio × materia homologada × literal de proceso × etapa fuente × contexto penal,False,Conteo nominal/de página; no sustituye un número físico auditado de juzgados.
dataset_analitico_interno,recibidas_otros_juzgados,"Causas recibidas de otros juzgados por excusa, recusa, declinatoria o acumulación, en los cuadros penales.",resultado,causas_por_tipo_proceso,ámbito × territorio × materia homologada × literal de proceso × etapa fuente × contexto penal,True,Resultado o componente del resultado: no usar como predictor del mismo outcome.
dataset_analitico_interno,concluidas_rechazo_denuncia,Causas concluidas por rechazo de la denuncia.,resultado,causas_por_tipo_proceso,ámbito × territorio × materia homologada × literal de proceso × etapa fuente × contexto penal,True,Resultado o componente del resultado: no usar como predictor del mismo outcome.
dataset_analitico_interno,reparacion_dano_conciliacion,"Causas concluidas por reparación del daño o conciliación, cuando el cuadro no las separa.",resultado,causas_por_tipo_proceso,ámbito × territorio × materia homologada × literal de proceso × etapa fuente × contexto penal,True,Resultado o componente del resultado: no usar como predictor del mismo outcome.
dataset_analitico_interno,remision_art_299_ley_548,"Causas remitidas según el artículo 299 de la Ley 548 (Código Niña, Niño y Adolescente).",resultado,causas_por_tipo_proceso,ámbito × territorio × materia homologada × literal de proceso × etapa fuente × contexto penal,True,Resultado o componente del resultado: no usar como predictor del mismo outcome.
dataset_analitico_interno,merecieron_imputacion_formal,Causas que pasaron de la investigación preliminar a la imputación formal. Salen de este cuadro y entran al siguiente.,resultado,causas_por_tipo_proceso,ámbito × territorio × materia homologada × literal de proceso × etapa fuente × contexto penal,True,Resultado o componente del resultado: no usar como predictor del mismo outcome.
dataset_analitico_interno,remitidas_finalizacion_competencia,Causas remitidas a otros juzgados por finalización de competencia.,resultado,causas_por_tipo_proceso,ámbito × territorio × materia homologada × literal de proceso × etapa fuente × contexto penal,True,Resultado o componente del resultado: no usar como predictor del mismo outcome.
dataset_analitico_interno,procesos_rebeldia,"Procesos con declaración de rebeldía. Es una anotación al margen del balance: NO entra en atendidas = salidas + pendientes, y no se debe sumar con las formas de salida.",resultado,causas_por_tipo_proceso,ámbito × territorio × materia homologada × literal de proceso × etapa fuente × contexto penal,True,Resultado o componente del resultado: no usar como predictor del mismo outcome.
dataset_analitico_interno,reparacion_dano,"Causas concluidas por reparación del daño, salida alternativa del procedimiento penal.",resultado,causas_por_tipo_proceso,ámbito × territorio × materia homologada × literal de proceso × etapa fuente × contexto penal,True,Resultado o componente del resultado: no usar como predictor del mismo outcome.
dataset_analitico_interno,sobreseimiento,Causas concluidas por sobreseimiento.,resultado,causas_por_tipo_proceso,ámbito × territorio × materia homologada × literal de proceso × etapa fuente × contexto penal,True,Resultado o componente del resultado: no usar como predictor del mismo outcome.
dataset_analitico_interno,terminacion_anticipada,Causas concluidas por terminación anticipada del proceso.,resultado,causas_por_tipo_proceso,ámbito × territorio × materia homologada × literal de proceso × etapa fuente × contexto penal,True,Resultado o componente del resultado: no usar como predictor del mismo outcome.
dataset_analitico_interno,merecieron_acusacion,Causas que pasaron de la imputación formal a la acusación.,resultado,causas_por_tipo_proceso,ámbito × territorio × materia homologada × literal de proceso × etapa fuente × contexto penal,True,Resultado o componente del resultado: no usar como predictor del mismo outcome.
dataset_analitico_interno,concluidas_extincion_prescripcion,Causas concluidas por extinción o prescripción de la acción.,resultado,causas_por_tipo_proceso,ámbito × territorio × materia homologada × literal de proceso × etapa fuente × contexto penal,True,Resultado o componente del resultado: no usar como predictor del mismo outcome.
dataset_analitico_interno,concluidas_sentencia_juicio,Causas concluidas con sentencia en juicio.,resultado,causas_por_tipo_proceso,ámbito × territorio × materia homologada × literal de proceso × etapa fuente × contexto penal,True,Resultado o componente del resultado: no usar como predictor del mismo outcome.
dataset_analitico_interno,remitidas_otros_juzgados,"Causas remitidas a otros juzgados por excusa, recusa, declinatoria o inhibitoria.",resultado,causas_por_tipo_proceso,ámbito × territorio × materia homologada × literal de proceso × etapa fuente × contexto penal,True,Resultado o componente del resultado: no usar como predictor del mismo outcome.
dataset_analitico_interno,concluidas_otras_formas,Causas concluidas por formas que el cuadro no detalla.,resultado,causas_por_tipo_proceso,ámbito × territorio × materia homologada × literal de proceso × etapa fuente × contexto penal,True,Resultado o componente del resultado: no usar como predictor del mismo outcome.
dataset_analitico_interno,imputacion_directa_procedimiento_inmediato,Procesos con imputación directa por procedimiento inmediato.,resultado,causas_por_tipo_proceso,ámbito × territorio × materia homologada × literal de proceso × etapa fuente × contexto penal,True,Resultado o componente del resultado: no usar como predictor del mismo outcome.
dataset_analitico_interno,otras_formas_finalizacion,Otras formas de finalización de competencia.,resultado,causas_por_tipo_proceso,ámbito × territorio × materia homologada × literal de proceso × etapa fuente × contexto penal,True,Resultado o componente del resultado: no usar como predictor del mismo outcome.
dataset_analitico_interno,recibidas_declinatoria_inhibitoria,Causas recibidas por declinatoria o inhibitoria de competencia (reenvío desde otro juzgado).,resultado,causas_por_tipo_proceso,ámbito × territorio × materia homologada × literal de proceso × etapa fuente × contexto penal,True,Resultado o componente del resultado: no usar como predictor del mismo outcome.
dataset_analitico_interno,ingresadas_conversion_acciones,Causas ingresadas por conversión de acciones de otros delitos.,resultado,causas_por_tipo_proceso,ámbito × territorio × materia homologada × literal de proceso × etapa fuente × contexto penal,True,Resultado o componente del resultado: no usar como predictor del mismo outcome.
dataset_analitico_interno,otras_formas_conclusion,Otras formas de conclusión de la causa.,resultado,causas_por_tipo_proceso,ámbito × territorio × materia homologada × literal de proceso × etapa fuente × contexto penal,True,Resultado o componente del resultado: no usar como predictor del mismo outcome.
dataset_analitico_interno,resueltas_sentencia,Causas resueltas con sentencia.,resultado,causas_por_tipo_proceso,ámbito × territorio × materia homologada × literal de proceso × etapa fuente × contexto penal,True,Resultado o componente del resultado: no usar como predictor del mismo outcome.
dataset_analitico_interno,ingresadas_reenvio,"Causas ingresadas por reenvío, por declinatoria de competencia de otros juzgados.",resultado,causas_por_tipo_proceso,ámbito × territorio × materia homologada × literal de proceso × etapa fuente × contexto penal,True,Resultado o componente del resultado: no usar como predictor del mismo outcome.
dataset_analitico_interno,otras_formas_ingreso,Causas ingresadas por vías que el cuadro no detalla.,resultado,causas_por_tipo_proceso,ámbito × territorio × materia homologada × literal de proceso × etapa fuente × contexto penal,True,Resultado o componente del resultado: no usar como predictor del mismo outcome.
dataset_analitico_interno,remitidas_excusa_recusacion,Causas remitidas a otro juzgado por excusa o recusación.,resultado,causas_por_tipo_proceso,ámbito × territorio × materia homologada × literal de proceso × etapa fuente × contexto penal,True,Resultado o componente del resultado: no usar como predictor del mismo outcome.
dataset_analitico_interno,remitidas_otras_formas,Causas remitidas por vías que el cuadro no detalla.,resultado,causas_por_tipo_proceso,ámbito × territorio × materia homologada × literal de proceso × etapa fuente × contexto penal,True,Resultado o componente del resultado: no usar como predictor del mismo outcome.
dataset_analitico_interno,materia_seccion,Materia que fija la sección del cuadro (el tercer nivel de la numeración: 5.1.1.x y 6.1.1.x son civil y comercial). La materia no está escrita en la fila.,proceso,causas_por_tipo_proceso,ámbito × territorio × materia homologada × literal de proceso × etapa fuente × contexto penal,False,
dataset_analitico_interno,tipo_accion_penal,"En las materias penales, el tipo de acción que parte la materia en tres (PENAL, ANTICORRUPCIÓN, CONTRA LA VIOLENCIA HACIA LA MUJER). Según el cuadro viene como etiqueta de grupo o como rótulo de fila. Nulo fuera del fuero penal.",proceso,causas_por_tipo_proceso,ámbito × territorio × materia homologada × literal de proceso × etapa fuente × contexto penal,False,
dataset_analitico_interno,materia_norm,"materia_cruda con una única corrección: la errata de imprenta INSTRUCCÓN -> INSTRUCCIÓN. NO unifica mayúsculas, tildes ni variantes de redacción entre cuadros.",materia,causas_por_tipo_proceso,ámbito × territorio × materia homologada × literal de proceso × etapa fuente × contexto penal,False,
dataset_analitico_interno,materia_homologada,"Materia derivada para facilitar cruces entre cuadros. Homologa únicamente equivalencias confirmadas mediante la auditoría del Anuario; si no existe una equivalencia aprobada, conserva materia_norm. No sobrescribe el literal del PDF.",materia,causas_por_tipo_proceso,ámbito × territorio × materia homologada × literal de proceso × etapa fuente × contexto penal,False,
dataset_analitico_interno,materia_cruda,"Nombre de la materia tal como está impreso en el PDF, verbatim, errata incluida. Solo se llena en las filas cuyo eje es materia.",materia,causas_por_tipo_proceso,ámbito × territorio × materia homologada × literal de proceso × etapa fuente × contexto penal,False,
dataset_analitico_interno,ciudad,Ciudad capital (o El Alto) a la que corresponde la fila. Solo se llena en el cuadro 9.1.3 y en las filas territoriales de ámbito capital de los capítulos 5 y 6.,geografia,causas_por_tipo_proceso,ámbito × territorio × materia homologada × literal de proceso × etapa fuente × contexto penal,False,
dataset_analitico_interno,distrito,"Distrito judicial. Coincide con el departamento salvo OFICINA NACIONAL / NACIONAL, que es la administración central. En los capítulos 5 y 6 se llena solo para el ámbito provincia.",geografia,causas_por_tipo_proceso,ámbito × territorio × materia homologada × literal de proceso × etapa fuente × contexto penal,False,
dataset_analitico_interno,departamento_derivado,"Departamento deducido cuando el cuadro no lo trae: de la ciudad (El Alto pertenece a La Paz) o del distrito judicial. La comparación ignora mayúsculas, tildes y espacios, sin modificar el literal de origen. Queda nulo en totales nacionales y para OFICINA NACIONAL, que no son territorios.",geografia,causas_por_tipo_proceso,ámbito × territorio × materia homologada × literal de proceso × etapa fuente × contexto penal,False,
dataset_analitico_interno,es_total_nacional,"True en las páginas de cierre de cada cuadro, donde la entidad es TOTAL NACIONAL en vez de una ciudad o un distrito.",trazabilidad,causas_por_tipo_proceso,ámbito × territorio × materia homologada × literal de proceso × etapa fuente × contexto penal,False,
dataset_analitico_interno,grupo_proceso_norm,"grupo_proceso resuelto contra la lista cerrada de etiquetas del capítulo: ORDINARIO, EXTRAORDINARIO, MONITOREO, PROCESO CONCURSALES, PROCESOS VOLUNTARIOS y las tres del fuero penal.",proceso,causas_por_tipo_proceso,ámbito × territorio × materia homologada × literal de proceso × etapa fuente × contexto penal,False,
dataset_analitico_interno,etapa_proceso_fuente,"Etapa estructural publicada por el cuadro fuente. Se deriva mediante un mapa cerrado auditado contra el PDF: informes_inicio_investigacion, imputaciones_formales, causas o no_aplica. No homologa tipo_proceso.",proceso,causas_por_tipo_proceso,ámbito × territorio × materia homologada × literal de proceso × etapa fuente × contexto penal,False,
dataset_analitico_interno,contexto_accion_penal,"Contexto penal padre de la fila fuente, auditado contra el PDF: penal_comun, anticorrupcion, violencia_mujeres o no_aplica. No homologa ni sobrescribe tipo_proceso.",proceso,causas_por_tipo_proceso,ámbito × territorio × materia homologada × literal de proceso × etapa fuente × contexto penal,False,
dataset_analitico_interno,gestion,Gestión (año) a la que corresponde el dato.,trazabilidad,causas_por_tipo_proceso,ámbito × territorio × materia homologada × literal de proceso × etapa fuente × contexto penal,False,
dataset_analitico_interno,revisado_manual,Marca de auditoría. Sale en False en todo el dataset: es la columna para ir marcando las filas que alguien verifique contra el PDF.,trazabilidad,causas_por_tipo_proceso,ámbito × territorio × materia homologada × literal de proceso × etapa fuente × contexto penal,False,
dataset_analitico_interno,territorio,Clave geográfica comparable: ciudad para capital y El Alto; distrito judicial para provincia.,geografia,derivada en integración,ámbito × territorio × materia homologada × literal de proceso × etapa fuente × contexto penal,False,
dataset_analitico_interno,tipo_elemento_analitico,"Clasificación analítica auditada: proceso, acción penal u otro detalle; no modifica el literal fuente.",proceso,derivada en integración,ámbito × territorio × materia homologada × literal de proceso × etapa fuente × contexto penal,False,
dataset_analitico_interno,recurso_juzgados_publicados,Componente geográfico derivado de los cuadros 4.1.x; no se asigna por materia o proceso.,recurso,derivada en integración,ámbito × territorio × materia homologada × literal de proceso × etapa fuente × contexto penal,False,
dataset_analitico_interno,recurso_tribunales_publicados,Componente geográfico derivado de los cuadros 4.1.x; no se asigna por materia o proceso.,recurso,derivada en integración,ámbito × territorio × materia homologada × literal de proceso × etapa fuente × contexto penal,False,
dataset_analitico_interno,recurso_salas_publicadas,Componente geográfico derivado de los cuadros 4.1.x; no se asigna por materia o proceso.,recurso,derivada en integración,ámbito × territorio × materia homologada × literal de proceso × etapa fuente × contexto penal,False,
dataset_analitico_interno,recurso_conciliadores_publicados,Componente geográfico derivado de los cuadros 4.1.x; no se asigna por materia o proceso.,recurso,derivada en integración,ámbito × territorio × materia homologada × literal de proceso × etapa fuente × contexto penal,False,
dataset_analitico_interno,recurso_otros_organos_publicados,Componente geográfico derivado de los cuadros 4.1.x; no se asigna por materia o proceso.,recurso,derivada en integración,ámbito × territorio × materia homologada × literal de proceso × etapa fuente × contexto penal,False,
dataset_analitico_interno,recursos_clasificacion_completa,Campo conservado o derivado por la integración interna; ver documentación de la tabla.,recurso,derivada en integración,ámbito × territorio × materia homologada × literal de proceso × etapa fuente × contexto penal,False,
dataset_analitico_interno,personal_cuadro_origen,"Identificador del cuadro del anuario del que sale la fila (por ejemplo 9.1.1). Con la página, permite verificar la cifra a mano contra el PDF.",trazabilidad,derivada en integración,ámbito × territorio × materia homologada × literal de proceso × etapa fuente × contexto penal,False,
dataset_analitico_interno,personal_pagina_pdf,"Página del PDF, contada desde 1, donde está impresa la fila. No coincide con el número impreso al pie en todos los capítulos.",trazabilidad,derivada en integración,ámbito × territorio × materia homologada × literal de proceso × etapa fuente × contexto penal,False,
dataset_analitico_interno,personal_distrito,"Distrito judicial. Coincide con el departamento salvo OFICINA NACIONAL / NACIONAL, que es la administración central. En los capítulos 5 y 6 se llena solo para el ámbito provincia.",geografia,derivada en integración,ámbito × territorio × materia homologada × literal de proceso × etapa fuente × contexto penal,False,
dataset_analitico_interno,personal_gestion,Gestión (año) a la que corresponde el dato.,recurso,derivada en integración,ámbito × territorio × materia homologada × literal de proceso × etapa fuente × contexto penal,False,
dataset_analitico_interno,personal_items_mujer,Ítems de personal ocupados por mujeres.,recurso,derivada en integración,ámbito × territorio × materia homologada × literal de proceso × etapa fuente × contexto penal,False,
dataset_analitico_interno,personal_items_varon,Ítems de personal ocupados por varones.,recurso,derivada en integración,ámbito × territorio × materia homologada × literal de proceso × etapa fuente × contexto penal,False,
dataset_analitico_interno,personal_items_acefalias,Ítems presupuestados y vacantes (acefalías).,recurso,derivada en integración,ámbito × territorio × materia homologada × literal de proceso × etapa fuente × contexto penal,False,
dataset_analitico_interno,personal_items_total,Total de ítems: mujer + varón + acefalías.,recurso,derivada en integración,ámbito × territorio × materia homologada × literal de proceso × etapa fuente × contexto penal,False,
dataset_analitico_interno,personal_remun_mujer,Remuneración mensual de los ítems ocupados por mujeres.,recurso,derivada en integración,ámbito × territorio × materia homologada × literal de proceso × etapa fuente × contexto penal,False,Recurso estructural; no usar como predictor si el outcome se deriva de remuneraciones o costo.
dataset_analitico_interno,personal_remun_varon,Remuneración mensual de los ítems ocupados por varones.,recurso,derivada en integración,ámbito × territorio × materia homologada × literal de proceso × etapa fuente × contexto penal,False,Recurso estructural; no usar como predictor si el outcome se deriva de remuneraciones o costo.
dataset_analitico_interno,personal_remun_acefalias,Remuneración mensual presupuestada de los ítems vacantes.,recurso,derivada en integración,ámbito × territorio × materia homologada × literal de proceso × etapa fuente × contexto penal,False,Recurso estructural; no usar como predictor si el outcome se deriva de remuneraciones o costo.
dataset_analitico_interno,personal_remun_total,Remuneración mensual total del ente o distrito.,recurso,derivada en integración,ámbito × territorio × materia homologada × literal de proceso × etapa fuente × contexto penal,False,Recurso estructural; no usar como predictor si el outcome se deriva de remuneraciones o costo.
dataset_analitico_interno,personal_nivel_geografico,Campo conservado o derivado por la integración interna; ver documentación de la tabla.,geografia,derivada en integración,ámbito × territorio × materia homologada × literal de proceso × etapa fuente × contexto penal,False,
dataset_analitico_interno,personal_metodo_seleccion,Campo conservado o derivado por la integración interna; ver documentación de la tabla.,trazabilidad,derivada en integración,ámbito × territorio × materia homologada × literal de proceso × etapa fuente × contexto penal,False,
metricas_tipo_proceso_long,familia_metrica,Familia de la tabla longitudinal de procedencia.,identificador,derivada en integración,familia de métrica × cuadro × fila fuente × columna-métrica,False,
metricas_tipo_proceso_long,cuadro_origen,"Identificador del cuadro del anuario del que sale la fila (por ejemplo 9.1.1). Con la página, permite verificar la cifra a mano contra el PDF.",trazabilidad,tabla de familia_metrica,familia de métrica × cuadro × fila fuente × columna-métrica,False,
metricas_tipo_proceso_long,pagina_pdf,"Página del PDF, contada desde 1, donde está impresa la fila. No coincide con el número impreso al pie en todos los capítulos.",trazabilidad,tabla de familia_metrica,familia de métrica × cuadro × fila fuente × columna-métrica,False,
metricas_tipo_proceso_long,firma,"Firma de encabezado del cuadro: identifica el LAYOUT, es decir el juego de columnas con el que se leyó la página. Es la clave de src/procesos.py. Se usa la firma y no el número de cuadro porque el anuario numera mal: hay dos cuadros distintos numerados 5.3.3.1 y un 6.3.1.4 en medio del capítulo 5.",trazabilidad,tabla de familia_metrica,familia de métrica × cuadro × fila fuente × columna-métrica,False,
metricas_tipo_proceso_long,familia,"Familia temática del cuadro dentro de los capítulos 5 y 6: causas, resueltas, apelacion, ejecucion u otros.",trazabilidad,tabla de familia_metrica,familia de métrica × cuadro × fila fuente × columna-métrica,False,
metricas_tipo_proceso_long,ambito,"Territorio que cubre el cuadro: capital (ciudades capitales y El Alto), provincia (resto del país) o nacional (la suma de ambos). En los capítulos 5 y 6 se deriva del encabezado y de las entidades de la página, no del prefijo del cuadro.",geografia,tabla de familia_metrica,familia de métrica × cuadro × fila fuente × columna-métrica,False,
metricas_tipo_proceso_long,titulo_pagina,"Encabezado corrido de la página, literal del PDF ('Juzgados Públicos en Materia Civil y Comercial de Ciudades Capitales y El Alto'). Es de donde sale la materia.",trazabilidad,tabla de familia_metrica,familia de métrica × cuadro × fila fuente × columna-métrica,False,
metricas_tipo_proceso_long,entidad,"Ciudad capital o distrito judicial al que pertenece la fila, tal como encabeza su bloque en la página. El ámbito sale del encabezado y las entidades, no de la numeración del cuadro, porque el 6.3.1.4 de las páginas 357-359 es de capitales. TOTAL NACIONAL aparece en la página de cierre de cada cuadro.",trazabilidad,tabla de familia_metrica,familia de métrica × cuadro × fila fuente × columna-métrica,False,
metricas_tipo_proceso_long,num_juzgados_pagina,"Número de juzgados o tribunales que declara la línea de cabecera de la página ('SUCRE 14'). Vale para la ciudad entera y para el cuadro entero, NO por fila ni por tipo de proceso: el anuario no desagrega por juzgado en ninguna parte. No siempre coincide con el num_juzgados del cuadro 9.1.x; las diferencias están en auditoria/discrepancias.csv.",no_usar_como_predictor,tabla de familia_metrica,familia de métrica × cuadro × fila fuente × columna-métrica,False,Conteo nominal/de página; no sustituye un número físico auditado de juzgados.
metricas_tipo_proceso_long,unidad_fila,"Qué representa la fila: 'tipo_proceso' en los cuadros que desagregan por tipo de proceso dentro de cada ciudad, y 'entidad' en los cuadros de una sola página que traen una fila por ciudad y no abren el tipo de proceso.",trazabilidad,tabla de familia_metrica,familia de métrica × cuadro × fila fuente × columna-métrica,False,
metricas_tipo_proceso_long,grupo_proceso,"Etiqueta del grupo al que pertenece la fila, verbatim. Viene impresa EN VERTICAL en el margen izquierdo del cuadro y llega con el corte de palabra del PDF ('EXTRAORDI NARIO'), que no se puede deshacer desde la geometría.",proceso,tabla de familia_metrica,familia de métrica × cuadro × fila fuente × columna-métrica,False,
metricas_tipo_proceso_long,tipo_proceso_extraido,Literal obtenido originalmente por la extracción geométrica del PDF antes de aplicar las correcciones deterministas auditadas. Se conserva exclusivamente para trazabilidad.,proceso,tabla de familia_metrica,familia de métrica × cuadro × fila fuente × columna-métrica,False,
metricas_tipo_proceso_long,tipo_proceso,Literal de la fila fuente reconstruido a partir del PDF. Las correcciones reparan únicamente defectos de extracción auditados; no corrigen errores editoriales ni realizan homologación semántica. Nulo cuando unidad_fila es 'entidad'.,proceso,tabla de familia_metrica,familia de métrica × cuadro × fila fuente × columna-métrica,False,
metricas_tipo_proceso_long,tipo_fila_derivado,"Si la fila es un dato o un agregado: dato, total o subtotal. Permite excluir los agregados de las sumas sin adivinar sobre el texto del rótulo.",trazabilidad,tabla de familia_metrica,familia de métrica × cuadro × fila fuente × columna-métrica,False,
metricas_tipo_proceso_long,orden_fila,"Posición de la fila dentro de su página, contada desde 1. Conserva el orden impreso, que agrupa los tipos de proceso.",trazabilidad,tabla de familia_metrica,familia de métrica × cuadro × fila fuente × columna-métrica,False,
metricas_tipo_proceso_long,n_columnas,Cuántas columnas numéricas tiene el cuadro del que sale la fila. Varía entre 5 y 19 según el departamento.,trazabilidad,tabla de familia_metrica,familia de métrica × cuadro × fila fuente × columna-métrica,False,
metricas_tipo_proceso_long,materia_seccion,Materia que fija la sección del cuadro (el tercer nivel de la numeración: 5.1.1.x y 6.1.1.x son civil y comercial). La materia no está escrita en la fila.,proceso,tabla de familia_metrica,familia de métrica × cuadro × fila fuente × columna-métrica,False,
metricas_tipo_proceso_long,tipo_accion_penal,"En las materias penales, el tipo de acción que parte la materia en tres (PENAL, ANTICORRUPCIÓN, CONTRA LA VIOLENCIA HACIA LA MUJER). Según el cuadro viene como etiqueta de grupo o como rótulo de fila. Nulo fuera del fuero penal.",proceso,tabla de familia_metrica,familia de métrica × cuadro × fila fuente × columna-métrica,False,
metricas_tipo_proceso_long,materia_norm,"materia_cruda con una única corrección: la errata de imprenta INSTRUCCÓN -> INSTRUCCIÓN. NO unifica mayúsculas, tildes ni variantes de redacción entre cuadros.",materia,tabla de familia_metrica,familia de métrica × cuadro × fila fuente × columna-métrica,False,
metricas_tipo_proceso_long,materia_homologada,"Materia derivada para facilitar cruces entre cuadros. Homologa únicamente equivalencias confirmadas mediante la auditoría del Anuario; si no existe una equivalencia aprobada, conserva materia_norm. No sobrescribe el literal del PDF.",materia,tabla de familia_metrica,familia de métrica × cuadro × fila fuente × columna-métrica,False,
metricas_tipo_proceso_long,materia_cruda,"Nombre de la materia tal como está impreso en el PDF, verbatim, errata incluida. Solo se llena en las filas cuyo eje es materia.",materia,tabla de familia_metrica,familia de métrica × cuadro × fila fuente × columna-métrica,False,
metricas_tipo_proceso_long,ciudad,Ciudad capital (o El Alto) a la que corresponde la fila. Solo se llena en el cuadro 9.1.3 y en las filas territoriales de ámbito capital de los capítulos 5 y 6.,geografia,tabla de familia_metrica,familia de métrica × cuadro × fila fuente × columna-métrica,False,
metricas_tipo_proceso_long,distrito,"Distrito judicial. Coincide con el departamento salvo OFICINA NACIONAL / NACIONAL, que es la administración central. En los capítulos 5 y 6 se llena solo para el ámbito provincia.",geografia,tabla de familia_metrica,familia de métrica × cuadro × fila fuente × columna-métrica,False,
metricas_tipo_proceso_long,departamento_derivado,"Departamento deducido cuando el cuadro no lo trae: de la ciudad (El Alto pertenece a La Paz) o del distrito judicial. La comparación ignora mayúsculas, tildes y espacios, sin modificar el literal de origen. Queda nulo en totales nacionales y para OFICINA NACIONAL, que no son territorios.",geografia,tabla de familia_metrica,familia de métrica × cuadro × fila fuente × columna-métrica,False,
metricas_tipo_proceso_long,es_total_nacional,"True en las páginas de cierre de cada cuadro, donde la entidad es TOTAL NACIONAL en vez de una ciudad o un distrito.",trazabilidad,tabla de familia_metrica,familia de métrica × cuadro × fila fuente × columna-métrica,False,
metricas_tipo_proceso_long,grupo_proceso_norm,"grupo_proceso resuelto contra la lista cerrada de etiquetas del capítulo: ORDINARIO, EXTRAORDINARIO, MONITOREO, PROCESO CONCURSALES, PROCESOS VOLUNTARIOS y las tres del fuero penal.",proceso,tabla de familia_metrica,familia de métrica × cuadro × fila fuente × columna-métrica,False,
metricas_tipo_proceso_long,etapa_proceso_fuente,"Etapa estructural publicada por el cuadro fuente. Se deriva mediante un mapa cerrado auditado contra el PDF: informes_inicio_investigacion, imputaciones_formales, causas o no_aplica. No homologa tipo_proceso.",proceso,tabla de familia_metrica,familia de métrica × cuadro × fila fuente × columna-métrica,False,
metricas_tipo_proceso_long,contexto_accion_penal,"Contexto penal padre de la fila fuente, auditado contra el PDF: penal_comun, anticorrupcion, violencia_mujeres o no_aplica. No homologa ni sobrescribe tipo_proceso.",proceso,tabla de familia_metrica,familia de métrica × cuadro × fila fuente × columna-métrica,False,
metricas_tipo_proceso_long,gestion,Gestión (año) a la que corresponde el dato.,trazabilidad,tabla de familia_metrica,familia de métrica × cuadro × fila fuente × columna-métrica,False,
metricas_tipo_proceso_long,revisado_manual,Marca de auditoría. Sale en False en todo el dataset: es la columna para ir marcando las filas que alguien verifique contra el PDF.,trazabilidad,tabla de familia_metrica,familia de métrica × cuadro × fila fuente × columna-métrica,False,
metricas_tipo_proceso_long,columna,"Columna del cuadro, numerada de izquierda a derecha (col_01, col_02...). Se preserva aunque su significado auditado esté en las columnas canónicas derivadas.",trazabilidad,tabla de familia_metrica,familia de métrica × cuadro × fila fuente × columna-métrica,False,
metricas_tipo_proceso_long,valor,"Valor de esa celda. En los cuadros provinciales la col_01 es población proyectada al 2022, no un conteo de juzgados; la última columna de cada fila es el total.",resultado,tabla de familia_metrica,familia de métrica × cuadro × fila fuente × columna-métrica,True,Resultado o componente del resultado: no usar como predictor del mismo outcome.
metricas_tipo_proceso_long,orden_columna,"Posición de la columna dentro del cuadro, contada desde 1 de izquierda a derecha. Solo en las tablas de formato largo.",trazabilidad,tabla de familia_metrica,familia de métrica × cuadro × fila fuente × columna-métrica,False,
metricas_tipo_proceso_long,rotulo_columna_pdf,"Rótulo de la columna tal como lo imprime el anuario, con sus líneas separadas por ' / '. Permite leer un valor sin consultar el layout. Solo en las tablas de formato largo.",trazabilidad,tabla de familia_metrica,familia de métrica × cuadro × fila fuente × columna-métrica,False,
metricas_tipo_proceso_long,territorio,Clave geográfica comparable: ciudad para capital y El Alto; distrito judicial para provincia.,geografia,derivada en integración,familia de métrica × cuadro × fila fuente × columna-métrica,False,
movimiento_gestion_2023,cuadro_origen_movimiento,"Identificador del cuadro del anuario del que sale la fila (por ejemplo 9.1.1). Con la página, permite verificar la cifra a mano contra el PDF.",trazabilidad,causas_movimiento / causas_por_gestion,ámbito × materia homologada × gestión 2023,False,
movimiento_gestion_2023,pagina_pdf_movimiento,"Página del PDF, contada desde 1, donde está impresa la fila. No coincide con el número impreso al pie en todos los capítulos.",trazabilidad,causas_movimiento / causas_por_gestion,ámbito × materia homologada × gestión 2023,False,
movimiento_gestion_2023,ambito,"Territorio que cubre el cuadro: capital (ciudades capitales y El Alto), provincia (resto del país) o nacional (la suma de ambos). En los capítulos 5 y 6 se deriva del encabezado y de las entidades de la página, no del prefijo del cuadro.",geografia,causas_movimiento / causas_por_gestion,ámbito × materia homologada × gestión 2023,False,
movimiento_gestion_2023,eje_movimiento,"Qué representa la etiqueta de la fila en ese cuadro: materia, ciudad, departamento, distrito o ente.",trazabilidad,causas_movimiento / causas_por_gestion,ámbito × materia homologada × gestión 2023,False,
movimiento_gestion_2023,etiqueta_fila_movimiento,"Rótulo de la fila tal como está impreso en el PDF, verbatim.",trazabilidad,causas_movimiento / causas_por_gestion,ámbito × materia homologada × gestión 2023,False,
movimiento_gestion_2023,num_juzgados_movimiento,"Número NOMINAL de juzgados, no real: un juzgado mixto cuenta una vez por cada materia que atiende, así que el total nominal es mayor que la cantidad física de juzgados. No usar como conteo de juzgados existentes.",no_usar_como_predictor,causas_movimiento / causas_por_gestion,ámbito × materia homologada × gestión 2023,False,
movimiento_gestion_2023,pendientes_inicio_movimiento,Causas que venían pendientes de la gestión anterior.,resultado,causas_movimiento / causas_por_gestion,ámbito × materia homologada × gestión 2023,True,Resultado o componente del resultado: no usar como predictor del mismo outcome.
movimiento_gestion_2023,ingresadas_movimiento,Causas que ingresaron durante la gestión.,resultado,causas_movimiento / causas_por_gestion,ámbito × materia homologada × gestión 2023,True,Resultado o componente del resultado: no usar como predictor del mismo outcome.
movimiento_gestion_2023,atendidas_movimiento,"Total de causas atendidas en la gestión. Es un stock, no un flujo: debe ser igual a pendientes_inicio + ingresadas y también a resueltas + pendientes_fin.",resultado,causas_movimiento / causas_por_gestion,ámbito × materia homologada × gestión 2023,True,Resultado o componente del resultado: no usar como predictor del mismo outcome.
movimiento_gestion_2023,resueltas_movimiento,Causas resueltas durante la gestión.,resultado,causas_movimiento / causas_por_gestion,ámbito × materia homologada × gestión 2023,True,Resultado o componente del resultado: no usar como predictor del mismo outcome.
movimiento_gestion_2023,pendientes_fin_movimiento,Causas que quedan pendientes para la próxima gestión.,resultado,causas_movimiento / causas_por_gestion,ámbito × materia homologada × gestión 2023,True,Resultado o componente del resultado: no usar como predictor del mismo outcome.
movimiento_gestion_2023,pct_resueltas_movimiento,"Porcentaje de resolución tal como lo publica el anuario. ATENCIÓN: es resueltas/atendidas (verificado en 72 de 72 filas), NO resueltas/ingresadas. No es la tasa de resolución de CEJA; para esa hay que calcularla.",resultado,causas_movimiento / causas_por_gestion,ámbito × materia homologada × gestión 2023,True,Resultado o componente del resultado: no usar como predictor del mismo outcome.
movimiento_gestion_2023,pct_pendientes_movimiento,Porcentaje de causas pendientes tal como lo publica el anuario: pendientes_fin/atendidas (coincide en 65 de 72 filas).,resultado,causas_movimiento / causas_por_gestion,ámbito × materia homologada × gestión 2023,True,Resultado o componente del resultado: no usar como predictor del mismo outcome.
movimiento_gestion_2023,promedio_por_juzgado_movimiento,Promedio de causas ingresadas por juzgado: ingresadas/num_juzgados (coincide en 24 de 25 filas). Hereda el problema del juzgado nominal.,resultado,causas_movimiento / causas_por_gestion,ámbito × materia homologada × gestión 2023,True,Resultado o componente del resultado: no usar como predictor del mismo outcome.
movimiento_gestion_2023,col_sin_rotulo_1_movimiento,"Columna sin encabezado del cuadro 9.1.5. Reproduce exactamente ingresadas/total de ingresadas × 100 en las 14 filas de materia y suma 100,00, así que es la distribución de causas INGRESADAS por materia. El documento no lo dice: por eso la columna no se renombró.",resultado,causas_movimiento / causas_por_gestion,ámbito × materia homologada × gestión 2023,True,Resultado o componente del resultado: no usar como predictor del mismo outcome.
movimiento_gestion_2023,ciudad_movimiento,Ciudad capital (o El Alto) a la que corresponde la fila. Solo se llena en el cuadro 9.1.3 y en las filas territoriales de ámbito capital de los capítulos 5 y 6.,trazabilidad,causas_movimiento / causas_por_gestion,ámbito × materia homologada × gestión 2023,False,
movimiento_gestion_2023,departamento_movimiento,"Departamento tal como lo nombra el cuadro, con la grafía unificada (el anuario escribe POTOSI y Potosí indistintamente).",trazabilidad,causas_movimiento / causas_por_gestion,ámbito × materia homologada × gestión 2023,False,
movimiento_gestion_2023,departamento_derivado_movimiento,"Departamento deducido cuando el cuadro no lo trae: de la ciudad (El Alto pertenece a La Paz) o del distrito judicial. La comparación ignora mayúsculas, tildes y espacios, sin modificar el literal de origen. Queda nulo en totales nacionales y para OFICINA NACIONAL, que no son territorios.",trazabilidad,causas_movimiento / causas_por_gestion,ámbito × materia homologada × gestión 2023,False,
movimiento_gestion_2023,materia_cruda_movimiento,"Nombre de la materia tal como está impreso en el PDF, verbatim, errata incluida. Solo se llena en las filas cuyo eje es materia.",materia,causas_movimiento / causas_por_gestion,ámbito × materia homologada × gestión 2023,False,
movimiento_gestion_2023,materia_norm_movimiento,"materia_cruda con una única corrección: la errata de imprenta INSTRUCCÓN -> INSTRUCCIÓN. NO unifica mayúsculas, tildes ni variantes de redacción entre cuadros.",materia,causas_movimiento / causas_por_gestion,ámbito × materia homologada × gestión 2023,False,
movimiento_gestion_2023,materia_homologada,"Materia derivada para facilitar cruces entre cuadros. Homologa únicamente equivalencias confirmadas mediante la auditoría del Anuario; si no existe una equivalencia aprobada, conserva materia_norm. No sobrescribe el literal del PDF.",materia,causas_movimiento / causas_por_gestion,ámbito × materia homologada × gestión 2023,False,
movimiento_gestion_2023,instancia_derivada_movimiento,"Instancia deducida del prefijo del nombre de la materia: tribunal, sala o juzgado. NO es un dato de la fuente: ningún cuadro del anuario tiene columna de instancia.",trazabilidad,causas_movimiento / causas_por_gestion,ámbito × materia homologada × gestión 2023,False,
movimiento_gestion_2023,tipo_fila_derivado_movimiento,"Si la fila es un dato o un agregado: dato, total o subtotal. Permite excluir los agregados de las sumas sin adivinar sobre el texto del rótulo.",trazabilidad,causas_movimiento / causas_por_gestion,ámbito × materia homologada × gestión 2023,False,
movimiento_gestion_2023,errata_corregida_movimiento,"True si materia_norm difiere de materia_cruda, es decir, si se corrigió una errata de imprenta.",trazabilidad,causas_movimiento / causas_por_gestion,ámbito × materia homologada × gestión 2023,False,
movimiento_gestion_2023,gestion,"Gestión a la que corresponde el dato de la fila, de 2019 a 2023. Todos los cuadros son de la edición 2023.",trazabilidad,causas_movimiento / causas_por_gestion,ámbito × materia homologada × gestión 2023,False,
movimiento_gestion_2023,revisado_manual_movimiento,Marca de auditoría. Sale en False en todo el dataset: es la columna para ir marcando las filas que alguien verifique contra el PDF.,trazabilidad,causas_movimiento / causas_por_gestion,ámbito × materia homologada × gestión 2023,False,
movimiento_gestion_2023,cuadro_origen_gestion,"Identificador del cuadro del anuario del que sale la fila (por ejemplo 9.1.1). Con la página, permite verificar la cifra a mano contra el PDF.",trazabilidad,causas_movimiento / causas_por_gestion,ámbito × materia homologada × gestión 2023,False,
movimiento_gestion_2023,pagina_pdf_gestion,"Página del PDF, contada desde 1, donde está impresa la fila. No coincide con el número impreso al pie en todos los capítulos.",trazabilidad,causas_movimiento / causas_por_gestion,ámbito × materia homologada × gestión 2023,False,
movimiento_gestion_2023,eje_gestion,"Qué representa la etiqueta de la fila en ese cuadro: materia, ciudad, departamento, distrito o ente.",trazabilidad,causas_movimiento / causas_por_gestion,ámbito × materia homologada × gestión 2023,False,
movimiento_gestion_2023,etiqueta_fila_gestion,"Rótulo de la fila tal como está impreso en el PDF, verbatim.",trazabilidad,causas_movimiento / causas_por_gestion,ámbito × materia homologada × gestión 2023,False,
movimiento_gestion_2023,resueltas_gestion,"Causas resueltas en esa gestión, según la serie que publica la edición 2023.",resultado,causas_movimiento / causas_por_gestion,ámbito × materia homologada × gestión 2023,True,Resultado o componente del resultado: no usar como predictor del mismo outcome.
movimiento_gestion_2023,pct_resueltas_gestion,"Porcentaje de resolución tal como lo publica el anuario. ATENCIÓN: es resueltas/atendidas (verificado en 72 de 72 filas), NO resueltas/ingresadas. No es la tasa de resolución de CEJA; para esa hay que calcularla.",resultado,causas_movimiento / causas_por_gestion,ámbito × materia homologada × gestión 2023,True,Resultado o componente del resultado: no usar como predictor del mismo outcome.
movimiento_gestion_2023,materia_cruda_gestion,"Nombre de la materia tal como está impreso en el PDF, verbatim, errata incluida. Solo se llena en las filas cuyo eje es materia.",materia,causas_movimiento / causas_por_gestion,ámbito × materia homologada × gestión 2023,False,
movimiento_gestion_2023,materia_norm_gestion,"materia_cruda con una única corrección: la errata de imprenta INSTRUCCÓN -> INSTRUCCIÓN. NO unifica mayúsculas, tildes ni variantes de redacción entre cuadros.",materia,causas_movimiento / causas_por_gestion,ámbito × materia homologada × gestión 2023,False,
movimiento_gestion_2023,instancia_derivada_gestion,"Instancia deducida del prefijo del nombre de la materia: tribunal, sala o juzgado. NO es un dato de la fuente: ningún cuadro del anuario tiene columna de instancia.",trazabilidad,causas_movimiento / causas_por_gestion,ámbito × materia homologada × gestión 2023,False,
movimiento_gestion_2023,tipo_fila_derivado_gestion,"Si la fila es un dato o un agregado: dato, total o subtotal. Permite excluir los agregados de las sumas sin adivinar sobre el texto del rótulo.",trazabilidad,causas_movimiento / causas_por_gestion,ámbito × materia homologada × gestión 2023,False,
movimiento_gestion_2023,errata_corregida_gestion,"True si materia_norm difiere de materia_cruda, es decir, si se corrigió una errata de imprenta.",trazabilidad,causas_movimiento / causas_por_gestion,ámbito × materia homologada × gestión 2023,False,
movimiento_gestion_2023,revisado_manual_gestion,Marca de auditoría. Sale en False en todo el dataset: es la columna para ir marcando las filas que alguien verifique contra el PDF.,trazabilidad,causas_movimiento / causas_por_gestion,ámbito × materia homologada × gestión 2023,False,
movimiento_gestion_2023,estado_union,Resultado trazable del outer join movimiento/gestión.,identificador,causas_movimiento / causas_por_gestion,ámbito × materia homologada × gestión 2023,False,
recursos_judiciales_geografia,ambito,Campo conservado o derivado por la integración interna; ver documentación de la tabla.,geografia,juzgados,ámbito × territorio,False,
recursos_judiciales_geografia,territorio,Clave geográfica comparable: ciudad para capital y El Alto; distrito judicial para provincia.,geografia,juzgados,ámbito × territorio,False,
recursos_judiciales_geografia,departamento_derivado,Campo conservado o derivado por la integración interna; ver documentación de la tabla.,geografia,juzgados,ámbito × territorio,False,
recursos_judiciales_geografia,gestion,Campo conservado o derivado por la integración interna; ver documentación de la tabla.,recurso,juzgados,ámbito × territorio,False,
recursos_judiciales_geografia,cuadros_origen,Cuadro o cuadros fuente del recurso agregado.,trazabilidad,juzgados,ámbito × territorio,False,
recursos_judiciales_geografia,paginas_pdf,Página o páginas fuente del recurso agregado.,trazabilidad,juzgados,ámbito × territorio,False,
recursos_judiciales_geografia,metodo_agregacion,Regla auditada usada para construir el recurso.,trazabilidad,juzgados,ámbito × territorio,False,
recursos_judiciales_geografia,juzgados_publicados,Suma o total publicado del componente juzgados; no es un total general de juzgados.,recurso,juzgados,ámbito × territorio,False,
recursos_judiciales_geografia,tribunales_publicados,Suma o total publicado del componente tribunales; no es un total general de juzgados.,recurso,juzgados,ámbito × territorio,False,
recursos_judiciales_geografia,salas_publicadas,Campo conservado o derivado por la integración interna; ver documentación de la tabla.,recurso,juzgados,ámbito × territorio,False,
recursos_judiciales_geografia,conciliadores_publicados,Suma o total publicado del componente conciliadores; no es un total general de juzgados.,recurso,juzgados,ámbito × territorio,False,
recursos_judiciales_geografia,otros_organos_publicados,Suma o total publicado del componente otros organos; no es un total general de juzgados.,recurso,juzgados,ámbito × territorio,False,
recursos_judiciales_geografia,valor_indeterminado_publicado,Total publicado de una columna no interpretada; no se incorpora como componente al dataset principal.,recurso,juzgados,ámbito × territorio,False,
recursos_judiciales_geografia,celdas_indeterminadas_fuente,Número de celdas territoriales con encabezado indeterminado.,recurso,juzgados,ámbito × territorio,False,
recursos_judiciales_geografia,total_publicado_fuente,Total impreso usado solo para validar componentes; no equivale a numero_juzgados_real.,recurso,juzgados,ámbito × territorio,False,
recursos_judiciales_geografia,clasificacion_recursos_completa,False cuando existe una columna de recurso cuyo encabezado sigue indeterminado.,recurso,juzgados,ámbito × territorio,False,
personal_geografia,cuadro_origen,"Identificador del cuadro del anuario del que sale la fila (por ejemplo 9.1.1). Con la página, permite verificar la cifra a mano contra el PDF.",trazabilidad,personal / cuadro 14.1.3,distrito judicial/departamento,False,
personal_geografia,pagina_pdf,"Página del PDF, contada desde 1, donde está impresa la fila. No coincide con el número impreso al pie en todos los capítulos.",trazabilidad,personal / cuadro 14.1.3,distrito judicial/departamento,False,
personal_geografia,distrito,"Distrito judicial. Coincide con el departamento salvo OFICINA NACIONAL / NACIONAL, que es la administración central. En los capítulos 5 y 6 se llena solo para el ámbito provincia.",geografia,personal / cuadro 14.1.3,distrito judicial/departamento,False,
personal_geografia,departamento_derivado,"Departamento deducido cuando el cuadro no lo trae: de la ciudad (El Alto pertenece a La Paz) o del distrito judicial. La comparación ignora mayúsculas, tildes y espacios, sin modificar el literal de origen. Queda nulo en totales nacionales y para OFICINA NACIONAL, que no son territorios.",geografia,personal / cuadro 14.1.3,distrito judicial/departamento,False,
personal_geografia,gestion,Gestión (año) a la que corresponde el dato.,recurso,personal / cuadro 14.1.3,distrito judicial/departamento,False,
personal_geografia,items_mujer,Ítems de personal ocupados por mujeres.,recurso,personal / cuadro 14.1.3,distrito judicial/departamento,False,
personal_geografia,items_varon,Ítems de personal ocupados por varones.,recurso,personal / cuadro 14.1.3,distrito judicial/departamento,False,
personal_geografia,items_acefalias,Ítems presupuestados y vacantes (acefalías).,recurso,personal / cuadro 14.1.3,distrito judicial/departamento,False,
personal_geografia,items_total,Total de ítems: mujer + varón + acefalías.,recurso,personal / cuadro 14.1.3,distrito judicial/departamento,False,
personal_geografia,remun_mujer,Remuneración mensual de los ítems ocupados por mujeres.,recurso,personal / cuadro 14.1.3,distrito judicial/departamento,False,Recurso estructural; no usar como predictor si el outcome se deriva de remuneraciones o costo.
personal_geografia,remun_varon,Remuneración mensual de los ítems ocupados por varones.,recurso,personal / cuadro 14.1.3,distrito judicial/departamento,False,Recurso estructural; no usar como predictor si el outcome se deriva de remuneraciones o costo.
personal_geografia,remun_acefalias,Remuneración mensual presupuestada de los ítems vacantes.,recurso,personal / cuadro 14.1.3,distrito judicial/departamento,False,Recurso estructural; no usar como predictor si el outcome se deriva de remuneraciones o costo.
personal_geografia,remun_total,Remuneración mensual total del ente o distrito.,recurso,personal / cuadro 14.1.3,distrito judicial/departamento,False,Recurso estructural; no usar como predictor si el outcome se deriva de remuneraciones o costo.
personal_geografia,nivel_geografico,Nivel territorial al que corresponde el recurso.,recurso,personal / cuadro 14.1.3,distrito judicial/departamento,False,
personal_geografia,metodo_seleccion,Regla auditada de selección de la fila distrital.,trazabilidad,personal / cuadro 14.1.3,distrito judicial/departamento,False,
