cuadro_origen_movimiento,pagina_pdf_movimiento,ambito,eje_movimiento,etiqueta_fila_movimiento,num_juzgados_movimiento,pendientes_inicio_movimiento,ingresadas_movimiento,atendidas_movimiento,resueltas_movimiento,pendientes_fin_movimiento,pct_resueltas_movimiento,pct_pendientes_movimiento,promedio_por_juzgado_movimiento,col_sin_rotulo_1_movimiento,ciudad_movimiento,departamento_movimiento,departamento_derivado_movimiento,materia_cruda_movimiento,materia_norm_movimiento,materia_homologada,instancia_derivada_movimiento,tipo_fila_derivado_movimiento,errata_corregida_movimiento,gestion,revisado_manual_movimiento,cuadro_origen_gestion,pagina_pdf_gestion,eje_gestion,etiqueta_fila_gestion,resueltas_gestion,pct_resueltas_gestion,materia_cruda_gestion,materia_norm_gestion,instancia_derivada_gestion,tipo_fila_derivado_gestion,errata_corregida_gestion,revisado_manual_gestion,estado_union
9.1.1,673,capital,materia,EJECUCIÓN PENAL,19,37717,15819,53536,8992,44544,16.8,83.2,833.0,,,,,EJECUCIÓN PENAL,EJECUCIÓN PENAL,Ejecución Penal,juzgado,dato,False,2023,False,9.1.2,677,materia,Ejecución Penal,8992,16.6,Ejecución Penal,Ejecución Penal,juzgado,dato,False,False,both
9.1.1,673,capital,materia,INSTRUCCIÓN ANTICORRUPCIÓN,4,2335,2066,4401,1940,2461,44.1,55.9,517.0,,,,,INSTRUCCIÓN ANTICORRUPCIÓN,INSTRUCCIÓN ANTICORRUPCIÓN,Instrucción Anticorrupción,juzgado,dato,False,2023,False,9.1.2,677,materia,Instrucción Anticorrupción,1940,45.3,Instrucción Anticorrupción,Instrucción Anticorrupción,juzgado,dato,False,False,both
9.1.1,673,capital,materia,INSTRUCCÓN CONTRA LA VIOLENCIA HACIA LA MUJER,33,25071,34188,59259,30983,28276,52.3,47.7,1036.0,,,,,INSTRUCCÓN CONTRA LA VIOLENCIA HACIA LA MUJER,INSTRUCCIÓN CONTRA LA VIOLENCIA HACIA LA MUJER,Instrucción Contra la Violencia hacia las Mujeres,juzgado,dato,True,2023,False,9.1.2,677,materia,Instrucción Contra la Violencia hacia las Mujeres,30983,54.5,Instrucción Contra la Violencia hacia las Mujeres,Instrucción Contra la Violencia hacia las Mujeres,juzgado,dato,False,False,both
9.1.1,673,capital,materia,INSTRUCCIÓN PENAL,75,39361,59752,99113,60894,38219,61.4,38.6,797.0,,,,,INSTRUCCIÓN PENAL,INSTRUCCIÓN PENAL,Instrucción Penal,juzgado,dato,False,2023,False,9.1.2,677,materia,Instrucción Penal,60894,62.0,Instrucción Penal,Instrucción Penal,juzgado,dato,False,False,both
9.1.1,673,capital,materia,PARTIDO ADMINISTRATIVO COACTIVO FISCAL Y TRIBUTARIO,13,11237,2012,13249,2671,10578,20.2,79.8,155.0,,,,,PARTIDO ADMINISTRATIVO COACTIVO FISCAL Y TRIBUTARIO,PARTIDO ADMINISTRATIVO COACTIVO FISCAL Y TRIBUTARIO,Partido Administrativo Coactivo Fiscal y Tributario,juzgado,dato,False,2023,False,9.1.2,677,materia,"Partido Administrativo, Coactivo Fiscal",2671,20.2,"Partido Administrativo, Coactivo Fiscal","Partido Administrativo, Coactivo Fiscal",juzgado,dato,False,False,both
9.1.1,673,capital,materia,PARTIDO DE TRABAJO Y SEGURIDAD SOCIAL,51,23611,21382,44992,20797,24195,46.2,53.8,419.0,,,,,PARTIDO DE TRABAJO Y SEGURIDAD SOCIAL,PARTIDO DE TRABAJO Y SEGURIDAD SOCIAL,Partido de Trabajo y Seguridad Social,juzgado,dato,False,2023,False,9.1.2,677,materia,Partido Trabajo y Seguridad Social,20797,46.2,Partido Trabajo y Seguridad Social,Partido Trabajo y Seguridad Social,juzgado,dato,False,False,both
9.1.1,673,capital,materia,PÚBLICO CIVIL Y COMERCIAL,163,29688,66140,95828,67788,28040,70.7,29.3,406.0,,,,,PÚBLICO CIVIL Y COMERCIAL,PÚBLICO CIVIL Y COMERCIAL,Público Civil y Comercial,juzgado,dato,False,2023,False,9.1.2,677,materia,Público Civil y Comercial,67788,70.7,Público Civil y Comercial,Público Civil y Comercial,juzgado,dato,False,False,both
9.1.1,673,capital,materia,PÚBLICO NIÑEZ Y ADOLESCENCIA,26,3846,8549,12395,8368,4027,67.5,32.5,329.0,,,,,PÚBLICO NIÑEZ Y ADOLESCENCIA,PÚBLICO NIÑEZ Y ADOLESCENCIA,Público Niñez y Adolescencia,juzgado,dato,False,2023,False,9.1.2,677,materia,Público Niñez y Adolescencia,8368,67.5,Público Niñez y Adolescencia,Público Niñez y Adolescencia,juzgado,dato,False,False,both
9.1.1,673,capital,materia,PÚBLICO DE FAMILIA,106,24149,50600,74749,52523,22226,70.3,29.7,477.0,,,,,PÚBLICO DE FAMILIA,PÚBLICO DE FAMILIA,Público de Familia,juzgado,dato,False,2023,False,9.1.2,677,materia,Público de Familia,52523,70.3,Público de Familia,Público de Familia,juzgado,dato,False,False,both
9.1.1,673,capital,materia,SENTENCIA ANTICORRUPCIÓN,1,870,604,1474,370,1104,25.1,74.9,604.0,,,,,SENTENCIA ANTICORRUPCIÓN,SENTENCIA ANTICORRUPCIÓN,SENTENCIA ANTICORRUPCIÓN,juzgado,dato,False,2023,False,,,,,,,,,,,,,solo_movimiento
9.1.1,673,capital,materia,SENTENCIA CONTRA LA VIOLENCIA HACIA LA MUJER,24,9438,5959,15397,4347,11050,28.2,71.8,248.0,,,,,SENTENCIA CONTRA LA VIOLENCIA HACIA LA MUJER,SENTENCIA CONTRA LA VIOLENCIA HACIA LA MUJER,SENTENCIA CONTRA LA VIOLENCIA HACIA LA MUJER,juzgado,dato,False,2023,False,,,,,,,,,,,,,solo_movimiento
,,capital,,,,,,,,,,,,,,,,,,Sentencia Anticorrupción,,,,2023,,9.1.2,677,materia,Sentencia Anticorrupción,4347,28.2,Sentencia Anticorrupción,Sentencia Anticorrupción,juzgado,dato,False,False,solo_gestion
9.1.1,673,capital,materia,SENTENCIA PENAL,93,27115,12377,39492,12737,26755,32.3,67.7,133.0,,,,,SENTENCIA PENAL,SENTENCIA PENAL,Sentencia Penal,juzgado,dato,False,2023,False,9.1.2,677,materia,Sentencia Penal,12737,32.3,Sentencia Penal,Sentencia Penal,juzgado,dato,False,False,both
,,capital,,,,,,,,,,,,,,,,,,Sentencia Violencia Contra la Violencia hacia las Mujeres,,,,2023,,9.1.2,677,materia,Sentencia Violencia Contra la Violencia hacia las Mujeres,370,25.1,Sentencia Violencia Contra la Violencia hacia las Mujeres,Sentencia Violencia Contra la Violencia hacia las Mujeres,juzgado,dato,False,False,solo_gestion
9.1.1,673,capital,materia,TRIBUNAL DE SENTENCIA ANTICORRUPCIÓN,1,453,191,644,203,441,31.5,68.5,191.0,,,,,TRIBUNAL DE SENTENCIA ANTICORRUPCIÓN,TRIBUNAL DE SENTENCIA ANTICORRUPCIÓN,TRIBUNAL DE SENTENCIA ANTICORRUPCIÓN,tribunal,dato,False,2023,False,,,,,,,,,,,,,solo_movimiento
9.1.1,673,capital,materia,TRIBUNAL DE SENTENCIA CONTRA LA VIOLENCIA HACIA LA MUJER,1,2197,1288,3485,1060,2425,30.4,69.6,1288.0,,,,,TRIBUNAL DE SENTENCIA CONTRA LA VIOLENCIA HACIA LA MUJER,TRIBUNAL DE SENTENCIA CONTRA LA VIOLENCIA HACIA LA MUJER,TRIBUNAL DE SENTENCIA CONTRA LA VIOLENCIA HACIA LA MUJER,tribunal,dato,False,2023,False,,,,,,,,,,,,,solo_movimiento
,,capital,,,,,,,,,,,,,,,,,,Tribunales de Sentencia Anticorrupción,,,,2023,,9.1.2,677,materia,Tribunales de Sentencia Anticorrupción,1060,30.4,Tribunales de Sentencia Anticorrupción,Tribunales de Sentencia Anticorrupción,tribunal,dato,False,False,solo_gestion
,,capital,,,,,,,,,,,,,,,,,,Tribunales de Sentencia Contra la Violencia hacia las Mujeres,,,,2023,,9.1.2,677,materia,Tribunales de Sentencia Contra la Violencia hacia las Mujeres,203,31.5,Tribunales de Sentencia Contra la Violencia hacia las Mujeres,Tribunales de Sentencia Contra la Violencia hacia las Mujeres,tribunal,dato,False,False,solo_gestion
9.1.1,673,capital,materia,TRIBUNAL DE SENTENCIA PENAL,30,4496,1443,5939,1189,4750,20.0,80.0,48.0,,,,,TRIBUNAL DE SENTENCIA PENAL,TRIBUNAL DE SENTENCIA PENAL,Tribunales de Sentencia Penal,tribunal,dato,False,2023,False,9.1.2,677,materia,Tribunales de Sentencia Penal,1189,20.0,Tribunales de Sentencia Penal,Tribunales de Sentencia Penal,tribunal,dato,False,False,both
9.1.9,701,nacional,materia,EJECUCIÓN PENAL,,37907,16427,54334,9068,45266,16.7,83.3,,,,,,EJECUCIÓN PENAL,EJECUCIÓN PENAL,Ejecución Penal,juzgado,dato,False,2023,False,9.1.10,705,materia,Ejecución Penal,9068,16.7,Ejecución Penal,Ejecución Penal,juzgado,dato,False,False,both
9.1.9,701,nacional,materia,INSTRUCCIÓN ANTICORRUPCIÓN,,2678,2325,5003,2192,2811,43.8,56.2,,,,,,INSTRUCCIÓN ANTICORRUPCIÓN,INSTRUCCIÓN ANTICORRUPCIÓN,Instrucción Anticorrupción,juzgado,dato,False,2023,False,9.1.10,705,materia,Instrucción Anticorrupción,2192,43.8,Instrucción Anticorrupción,Instrucción Anticorrupción,juzgado,dato,False,False,both
9.1.9,701,nacional,materia,INSTRUCCÓN CONTRA LA VIOLENCIA HACIA LA MUJER,,38235,52447,90682,46763,43919,51.6,48.4,,,,,,INSTRUCCÓN CONTRA LA VIOLENCIA HACIA LA MUJER,INSTRUCCIÓN CONTRA LA VIOLENCIA HACIA LA MUJER,Instrucción Contra la Violencia hacia las Mujeres,juzgado,dato,True,2023,False,9.1.10,705,materia,Instrucción Contra la Violencia hacia las Mujeres,46763,51.6,Instrucción Contra la Violencia hacia las Mujeres,Instrucción Contra la Violencia hacia las Mujeres,juzgado,dato,False,False,both
9.1.9,701,nacional,materia,INSTRUCCIÓN PENAL,,64378,88145,152523,86244,66279,56.5,43.5,,,,,,INSTRUCCIÓN PENAL,INSTRUCCIÓN PENAL,Instrucción Penal,juzgado,dato,False,2023,False,9.1.10,705,materia,Instrucción Penal,86244,56.5,Instrucción Penal,Instrucción Penal,juzgado,dato,False,False,both
9.1.9,701,nacional,materia,PARTIDO ADMINISTRATIVO COACTIVO FISCAL Y TRIBUTARIO,,11237,2012,13249,2671,10578,20.2,79.8,,,,,,PARTIDO ADMINISTRATIVO COACTIVO FISCAL Y TRIBUTARIO,PARTIDO ADMINISTRATIVO COACTIVO FISCAL Y TRIBUTARIO,Partido Administrativo Coactivo Fiscal y Tributario,juzgado,dato,False,2023,False,9.1.10,705,materia,"Partido Administrativo, Coactivo Fiscal",2671,20.2,"Partido Administrativo, Coactivo Fiscal","Partido Administrativo, Coactivo Fiscal",juzgado,dato,False,False,both
9.1.9,701,nacional,materia,PARTIDO DE TRABAJO Y SEGURIDAD SOCIAL,,27269,24073,51341,23441,27900,45.7,54.3,,,,,,PARTIDO DE TRABAJO Y SEGURIDAD SOCIAL,PARTIDO DE TRABAJO Y SEGURIDAD SOCIAL,Partido de Trabajo y Seguridad Social,juzgado,dato,False,2023,False,9.1.10,705,materia,Partido Trabajo y Seguridad Social,23441,45.7,Partido Trabajo y Seguridad Social,Partido Trabajo y Seguridad Social,juzgado,dato,False,False,both
9.1.9,701,nacional,materia,PÚBLICO CIVIL Y COMERCIAL,,43062,93812,136874,94769,42105,69.2,30.8,,,,,,PÚBLICO CIVIL Y COMERCIAL,PÚBLICO CIVIL Y COMERCIAL,Público Civil y Comercial,juzgado,dato,False,2023,False,9.1.10,705,materia,Público Civil y Comercial,94769,69.2,Público Civil y Comercial,Público Civil y Comercial,juzgado,dato,False,False,both
9.1.9,701,nacional,materia,PÚBLICO NIÑEZ Y ADOLESCENCIA,,6097,12162,18259,11712,6547,64.1,35.9,,,,,,PÚBLICO NIÑEZ Y ADOLESCENCIA,PÚBLICO NIÑEZ Y ADOLESCENCIA,Público Niñez y Adolescencia,juzgado,dato,False,2023,False,9.1.10,705,materia,Público Niñez y Adolescencia,11712,64.1,Público Niñez y Adolescencia,Público Niñez y Adolescencia,juzgado,dato,False,False,both
9.1.9,701,nacional,materia,PÚBLICO DE FAMILIA,,42117,78366,120483,79210,41273,65.7,34.3,,,,,,PÚBLICO DE FAMILIA,PÚBLICO DE FAMILIA,Público de Familia,juzgado,dato,False,2023,False,9.1.10,705,materia,Público de Familia,79210,65.7,Público de Familia,Público de Familia,juzgado,dato,False,False,both
9.1.9,701,nacional,materia,SENTENCIA ANTICORRUPCIÓN,,966,676,1642,426,1216,25.9,74.1,,,,,,SENTENCIA ANTICORRUPCIÓN,SENTENCIA ANTICORRUPCIÓN,SENTENCIA ANTICORRUPCIÓN,juzgado,dato,False,2023,False,,,,,,,,,,,,,solo_movimiento
9.1.9,701,nacional,materia,SENTENCIA CONTRA LA VIOLENCIA HACIA LA MUJER,,12761,8436,21197,5605,15592,26.4,73.6,,,,,,SENTENCIA CONTRA LA VIOLENCIA HACIA LA MUJER,SENTENCIA CONTRA LA VIOLENCIA HACIA LA MUJER,SENTENCIA CONTRA LA VIOLENCIA HACIA LA MUJER,juzgado,dato,False,2023,False,,,,,,,,,,,,,solo_movimiento
,,nacional,,,,,,,,,,,,,,,,,,Sentencia Anticorrupción,,,,2023,,9.1.10,705,materia,Sentencia Anticorrupción,5605,26.4,Sentencia Anticorrupción,Sentencia Anticorrupción,juzgado,dato,False,False,solo_gestion
9.1.9,701,nacional,materia,SENTENCIA PENAL,,35434,17878,53312,16457,36855,30.9,69.1,,,,,,SENTENCIA PENAL,SENTENCIA PENAL,Sentencia Penal,juzgado,dato,False,2023,False,9.1.10,705,materia,Sentencia Penal,16457,30.9,Sentencia Penal,Sentencia Penal,juzgado,dato,False,False,both
,,nacional,,,,,,,,,,,,,,,,,,Sentencia Violencia C M.,,,,2023,,9.1.10,705,materia,Sentencia Violencia C M.,426,25.9,Sentencia Violencia C M.,Sentencia Violencia C M.,juzgado,dato,False,False,solo_gestion
9.1.9,701,nacional,materia,TRIBUNAL DE SENTENCIA ANTICORRUPCIÓN,,510,222,732,231,501,31.6,68.4,,,,,,TRIBUNAL DE SENTENCIA ANTICORRUPCIÓN,TRIBUNAL DE SENTENCIA ANTICORRUPCIÓN,TRIBUNAL DE SENTENCIA ANTICORRUPCIÓN,tribunal,dato,False,2023,False,,,,,,,,,,,,,solo_movimiento
9.1.9,701,nacional,materia,TRIBUNAL DE SENTENCIA CONTRA LA VIOLENCIA HACIA LA MUJER,,5327,2384,7711,1733,5978,22.5,77.5,,,,,,TRIBUNAL DE SENTENCIA CONTRA LA VIOLENCIA HACIA LA MUJER,TRIBUNAL DE SENTENCIA CONTRA LA VIOLENCIA HACIA LA MUJER,TRIBUNAL DE SENTENCIA CONTRA LA VIOLENCIA HACIA LA MUJER,tribunal,dato,False,2023,False,,,,,,,,,,,,,solo_movimiento
,,nacional,,,,,,,,,,,,,,,,,,Tribunales de Sentencia Anticorrupción,,,,2023,,9.1.10,705,materia,Tribunales de Sentencia Anticorrupción,1733,22.5,Tribunales de Sentencia Anticorrupción,Tribunales de Sentencia Anticorrupción,tribunal,dato,False,False,solo_gestion
,,nacional,,,,,,,,,,,,,,,,,,Tribunales de Sentencia Contra la Violencia hacia las Mujeres,,,,2023,,9.1.10,705,materia,Tribunales de Sentencia Contra la Violencia hacia las Mujeres,231,31.6,Tribunales de Sentencia Contra la Violencia hacia las Mujeres,Tribunales de Sentencia Contra la Violencia hacia las Mujeres,tribunal,dato,False,False,solo_gestion
9.1.9,701,nacional,materia,TRIBUNAL DE SENTENCIA PENAL,,9416,2083,11499,1811,9688,15.7,84.3,,,,,,TRIBUNAL DE SENTENCIA PENAL,TRIBUNAL DE SENTENCIA PENAL,Tribunales de Sentencia Penal,tribunal,dato,False,2023,False,9.1.10,705,materia,Tribunales de Sentencia Penal,1811,15.7,Tribunales de Sentencia Penal,Tribunales de Sentencia Penal,tribunal,dato,False,False,both
9.1.5,687,provincia,materia,EJECUCIÓN PENAL,,190,608,798,76,722,9.5,90.5,,0.51,,,,EJECUCIÓN PENAL,EJECUCIÓN PENAL,Ejecución Penal,juzgado,dato,False,2023,False,9.1.6,691,materia,Ejecución Penal,76,9.5,Ejecución Penal,Ejecución Penal,juzgado,dato,False,False,both
9.1.5,687,provincia,materia,INSTRUCCIÓN ANTICORRUPCIÓN,,343,259,602,252,350,41.9,58.1,,0.22,,,,INSTRUCCIÓN ANTICORRUPCIÓN,INSTRUCCIÓN ANTICORRUPCIÓN,Instrucción Anticorrupción,juzgado,dato,False,2023,False,9.1.6,691,materia,Instrucción Anticorrupción,252,41.9,Instrucción Anticorrupción,Instrucción Anticorrupción,juzgado,dato,False,False,both
9.1.5,687,provincia,materia,INSTRUCCÓN CONTRA LA VIOLENCIA HACIA LA MUJER,,13164,18259,31423,15780,15643,50.2,49.8,,15.33,,,,INSTRUCCÓN CONTRA LA VIOLENCIA HACIA LA MUJER,INSTRUCCIÓN CONTRA LA VIOLENCIA HACIA LA MUJER,Instrucción Contra la Violencia hacia las Mujeres,juzgado,dato,True,2023,False,9.1.6,691,materia,Instrucción Contra la Violencia hacia las Mujeres,15780,50.2,Instrucción Contra la Violencia hacia las Mujeres,Instrucción Contra la Violencia hacia las Mujeres,juzgado,dato,False,False,both
9.1.5,687,provincia,materia,INSTRUCCIÓN PENAL,,25017,28393,53410,25350,28060,47.5,52.5,,23.84,,,,INSTRUCCIÓN PENAL,INSTRUCCIÓN PENAL,Instrucción Penal,juzgado,dato,False,2023,False,9.1.6,691,materia,Instrucción Penal,25350,47.5,Instrucción Penal,Instrucción Penal,juzgado,dato,False,False,both
9.1.5,687,provincia,materia,PARTIDO DE TRABAJO Y SEGURIDAD SOCIAL,,3658,2691,6349,2644,3705,41.6,58.4,,2.26,,,,PARTIDO DE TRABAJO Y SEGURIDAD SOCIAL,PARTIDO DE TRABAJO Y SEGURIDAD SOCIAL,Partido de Trabajo y Seguridad Social,juzgado,dato,False,2023,False,9.1.6,691,materia,Partido Trabajo y Seguridad Social,2644,41.6,Partido Trabajo y Seguridad Social,Partido Trabajo y Seguridad Social,juzgado,dato,False,False,both
9.1.5,687,provincia,materia,PÚBLICO CIVIL Y COMERCIAL,,13374,27672,41046,26981,14065,65.7,34.3,,23.24,,,,PÚBLICO CIVIL Y COMERCIAL,PÚBLICO CIVIL Y COMERCIAL,Público Civil y Comercial,juzgado,dato,False,2023,False,9.1.6,691,materia,Público Civil y Comercial,26981,65.7,Público Civil y Comercial,Público Civil y Comercial,juzgado,dato,False,False,both
9.1.5,687,provincia,materia,PÚBLICO NIÑEZ Y ADOLESCENCIA,,2251,3613,5864,3344,2520,57.0,43.0,,3.03,,,,PÚBLICO NIÑEZ Y ADOLESCENCIA,PÚBLICO NIÑEZ Y ADOLESCENCIA,Público Niñez y Adolescencia,juzgado,dato,False,2023,False,9.1.6,691,materia,Público Niñez y Adolescencia,3344,57.0,Público Niñez y Adolescencia,Público Niñez y Adolescencia,juzgado,dato,False,False,both
9.1.5,687,provincia,materia,PÚBLICO DE FAMILIA,,17968,27766,45734,26687,19047,58.4,41.6,,23.32,,,,PÚBLICO DE FAMILIA,PÚBLICO DE FAMILIA,Público de Familia,juzgado,dato,False,2023,False,9.1.6,691,materia,Público de Familia,26687,58.4,Público de Familia,Público de Familia,juzgado,dato,False,False,both
9.1.5,687,provincia,materia,SENTENCIA ANTICORRUPCIÓN,,96,72,168,56,112,33.3,66.7,,0.06,,,,SENTENCIA ANTICORRUPCIÓN,SENTENCIA ANTICORRUPCIÓN,SENTENCIA ANTICORRUPCIÓN,juzgado,dato,False,2023,False,,,,,,,,,,,,,solo_movimiento
9.1.5,687,provincia,materia,SENTENCIA CONTRA LA VIOLENCIA HACIA LA MUJER,,3323,2477,5800,1258,4542,21.7,78.3,,2.08,,,,SENTENCIA CONTRA LA VIOLENCIA HACIA LA MUJER,SENTENCIA CONTRA LA VIOLENCIA HACIA LA MUJER,SENTENCIA CONTRA LA VIOLENCIA HACIA LA MUJER,juzgado,dato,False,2023,False,,,,,,,,,,,,,solo_movimiento
,,provincia,,,,,,,,,,,,,,,,,,Sentencia Anticorrupción,,,,2023,,9.1.6,691,materia,Sentencia Anticorrupción,56,33.3,Sentencia Anticorrupción,Sentencia Anticorrupción,juzgado,dato,False,False,solo_gestion
9.1.5,687,provincia,materia,SENTENCIA PENAL,,8319,5501,13820,3720,10100,26.9,73.1,,4.62,,,,SENTENCIA PENAL,SENTENCIA PENAL,Sentencia Penal,juzgado,dato,False,2023,False,9.1.6,691,materia,Sentencia Penal,3720,26.9,Sentencia Penal,Sentencia Penal,juzgado,dato,False,False,both
,,provincia,,,,,,,,,,,,,,,,,,Sentencia Violencia Contra la Violencia hacia las Mujeres,,,,2023,,9.1.6,691,materia,Sentencia Violencia Contra la Violencia hacia las Mujeres,1258,21.7,Sentencia Violencia Contra la Violencia hacia las Mujeres,Sentencia Violencia Contra la Violencia hacia las Mujeres,juzgado,dato,False,False,solo_gestion
9.1.5,687,provincia,materia,TRIBUNAL DE SENTENCIA ANTICORRUPCIÓN,,57,31,88,28,60,31.8,68.2,,0.03,,,,TRIBUNAL DE SENTENCIA ANTICORRUPCIÓN,TRIBUNAL DE SENTENCIA ANTICORRUPCIÓN,TRIBUNAL DE SENTENCIA ANTICORRUPCIÓN,tribunal,dato,False,2023,False,,,,,,,,,,,,,solo_movimiento
9.1.5,687,provincia,materia,TRIBUNAL DE SENTENCIA CONTRA LA VIOLENCIA HACIA LA MUJER,,3130,1096,4226,673,3553,15.9,84.1,,0.92,,,,TRIBUNAL DE SENTENCIA CONTRA LA VIOLENCIA HACIA LA MUJER,TRIBUNAL DE SENTENCIA CONTRA LA VIOLENCIA HACIA LA MUJER,TRIBUNAL DE SENTENCIA CONTRA LA VIOLENCIA HACIA LA MUJER,tribunal,dato,False,2023,False,,,,,,,,,,,,,solo_movimiento
,,provincia,,,,,,,,,,,,,,,,,,Tribunales de Sentencia Anticorrupción,,,,2023,,9.1.6,691,materia,Tribunales de Sentencia Anticorrupción,28,31.8,Tribunales de Sentencia Anticorrupción,Tribunales de Sentencia Anticorrupción,tribunal,dato,False,False,solo_gestion
,,provincia,,,,,,,,,,,,,,,,,,Tribunales de Sentencia Contra la Violencia hacia las Mujeres,,,,2023,,9.1.6,691,materia,Tribunales de Sentencia Contra la Violencia hacia las Mujeres,673,15.9,Tribunales de Sentencia Contra la Violencia hacia las Mujeres,Tribunales de Sentencia Contra la Violencia hacia las Mujeres,tribunal,dato,False,False,solo_gestion
9.1.5,687,provincia,materia,TRIBUNAL DE SENTENCIA PENAL,,4920,640,5560,622,4938,11.2,88.8,,0.54,,,,TRIBUNAL DE SENTENCIA PENAL,TRIBUNAL DE SENTENCIA PENAL,Tribunales de Sentencia Penal,tribunal,dato,False,2023,False,9.1.6,691,materia,Tribunales de Sentencia Penal,622,11.2,Tribunales de Sentencia Penal,Tribunales de Sentencia Penal,tribunal,dato,False,False,both
