cuadro_origen,pagina_pdf,motivo,linea_cruda
9.1.5,687,1 columna(s) sin rótulo en el encabezado,"PÚBLICO CIVIL Y COMERCIAL 13.374 27.672 41.046 26.981 14.065 65,7% 34,3% 23,24%"
9.1.5,687,1 columna(s) sin rótulo en el encabezado,"PÚBLICO DE FAMILIA 17.968 27.766 45.734 26.687 19.047 58,4% 41,6% 23,32%"
9.1.5,687,1 columna(s) sin rótulo en el encabezado,"PÚBLICO NIÑEZ Y ADOLESCENCIA 2.251 3.613 5.864 3.344 2.520 57,0% 43,0% 3,03%"
9.1.5,687,1 columna(s) sin rótulo en el encabezado,"PARTIDO DE TRABAJO Y SEGURIDAD SOCIAL 3.658 2.691 6.349 2.644 3.705 41,6% 58,4% 2,26%"
9.1.5,687,1 columna(s) sin rótulo en el encabezado,"INSTRUCCIÓN PENAL 25.017 28.393 53.410 25.350 28.060 47,5% 52,5% 23,84%"
9.1.5,687,1 columna(s) sin rótulo en el encabezado,"INSTRUCCÓN CONTRA LA VIOLENCIA HACIA LA MUJER 13.164 18.259 31.423 15.780 15.643 50,2% 49,8% 15,33%"
9.1.5,687,1 columna(s) sin rótulo en el encabezado,"INSTRUCCIÓN ANTICORRUPCIÓN 343 259 602 252 350 41,9% 58,1% 0,22%"
9.1.5,687,1 columna(s) sin rótulo en el encabezado,"SENTENCIA PENAL 8.319 5.501 13.820 3.720 10.100 26,9% 73,1% 4,62%"
9.1.5,687,1 columna(s) sin rótulo en el encabezado,"SENTENCIA CONTRA LA VIOLENCIA HACIA LA MUJER 3.323 2.477 5.800 1.258 4.542 21,7% 78,3% 2,08%"
9.1.5,687,1 columna(s) sin rótulo en el encabezado,"SENTENCIA ANTICORRUPCIÓN 96 72 168 56 112 33,3% 66,7% 0,06%"
9.1.5,687,1 columna(s) sin rótulo en el encabezado,"TRIBUNAL DE SENTENCIA PENAL 4.920 640 5.560 622 4.938 11,2% 88,8% 0,54%"
9.1.5,687,1 columna(s) sin rótulo en el encabezado,"TRIBUNAL DE SENTENCIA CONTRA LA VIOLENCIA HACIA LA MUJER 3.130 1.096 4.226 673 3.553 15,9% 84,1% 0,92%"
9.1.5,687,1 columna(s) sin rótulo en el encabezado,"TRIBUNAL DE SENTENCIA ANTICORRUPCIÓN 57 31 88 28 60 31,8% 68,2% 0,03%"
9.1.5,687,1 columna(s) sin rótulo en el encabezado,"EJECUCIÓN PENAL 190 608 798 76 722 9,5% 90,5% 0,51%"
9.1.5,687,1 columna(s) sin rótulo en el encabezado,"NACIONAL 95.810 119.078 214.888 107.471 107.417 50,0% 50,0% 100,00%"
9.1.6,691,fila hueca (2 de 10 celdas); las vacías quedan nulas,"Ejecución Penal 76 9,5%"
9.1.4,684,2 columna(s) sin rótulo en el encabezado,"2008 146.247 253.262 399.509 193.798 205.711 48,5% 426 595 8,1% 15%"
9.1.4,684,2 columna(s) sin rótulo en el encabezado,"2009 175.621 264.102 439.723 203.120 236.603 46,2% 427 619 4,3% 5%"
9.1.4,684,2 columna(s) sin rótulo en el encabezado,"2010 210.934 270.858 481.792 216.336 265.456 44,9% 427 634 2,6% 7%"
9.1.4,684,2 columna(s) sin rótulo en el encabezado,"2011 218.222 284.764 502.986 220.538 282.448 43,8% 427 667 5,1% 2%"
9.1.4,684,2 columna(s) sin rótulo en el encabezado,"2012 271.080 303.410 574.490 251.945 322.545 43,9% 427 711 6,5% 14%"
9.1.4,684,2 columna(s) sin rótulo en el encabezado,"2013 228.937 396.006 624.943 287.877 337.066 46,1% 463 855 30,5% 14%"
9.1.4,684,2 columna(s) sin rótulo en el encabezado,"2014 265.068 366.603 631.671 293.241 338.430 46,4% 476 770 -7,4% 2%"
9.1.4,684,2 columna(s) sin rótulo en el encabezado,"2015 311.742 357.536 669.278 352.793 316.485 52,7% 484 739 -2,5% 20%"
9.1.4,684,2 columna(s) sin rótulo en el encabezado,"2016 391.594 272.618 664.212 309.684 354.528 46,6% 495 551 -23,8% -12%"
9.1.4,684,2 columna(s) sin rótulo en el encabezado,"2017 292.590 269.879 562.469 272.898 289.571 48,5% 495 545 -1,0% -12%"
9.1.4,684,2 columna(s) sin rótulo en el encabezado,"2018 261.684 246.907 508.591 258.544 250.047 50,8% 495 499 -8,5% -5%"
9.1.4,684,2 columna(s) sin rótulo en el encabezado,"2019 243.815 247.375 491.266 235.896 255.370 48,0% 573 432 0,2% -9%"
9.1.4,684,2 columna(s) sin rótulo en el encabezado,"2020 258.468 182.889 441.357 183.849 257.508 41,7% 573 319 -26,1% -22%"
9.1.4,684,2 columna(s) sin rótulo en el encabezado,"2021 241.923 243.733 485.656 238.575 247.081 49,1% 573 425 33,3% 30%"
9.1.4,684,2 columna(s) sin rótulo en el encabezado,"2022 246.188 260.275 506.465 250.470 255.994 49,5% 593 439 6,8% 5%"
9.1.4,684,2 columna(s) sin rótulo en el encabezado,"2023 241.584 282.370 523.953 274.862 249.091 52,5% 640 441 8,5% 10%"
9.1.8,698,3 columna(s) sin rótulo en el encabezado,"2008 27.760 80.711 108.471 63.680 44.791 58,7% 41,3% 23,2% 13,4% 14,0%"
9.1.8,698,3 columna(s) sin rótulo en el encabezado,"2009 35.455 85.659 121.114 67.454 53.660 55,7% 44,3% 27,7% 6,1% 5,9%"
9.1.8,698,3 columna(s) sin rótulo en el encabezado,"2010 40.357 76.477 116.834 59.558 57.276 51,0% 49,0% 13,8% -10,7% -11,7%"
9.1.8,698,3 columna(s) sin rótulo en el encabezado,"2011 43.118 73.921 117.039 58.805 58.234 50,2% 49,8% 6,8% -3,3% -1,3%"
9.1.8,698,3 columna(s) sin rótulo en el encabezado,"2012 59.375 90.030 149.405 73.245 76.160 49,0% 51,0% 37,7% 21,8% 24,6%"
9.1.8,698,3 columna(s) sin rótulo en el encabezado,"2013 73.356 103.224 176.580 86.435 90.145 48,9% 51,1% 23,5% 14,7% 18,0%"
9.1.8,698,3 columna(s) sin rótulo en el encabezado,"2014 75.118 103.629 178.747 91.221 87.526 51,0% 49,0% 2,4% 0,4% 5,5%"
9.1.8,698,3 columna(s) sin rótulo en el encabezado,"2015 83.056 130.916 213.972 120.634 93.338 56,4% 43,6% 10,6% 26,3% 32,2%"
9.1.8,698,3 columna(s) sin rótulo en el encabezado,"2016 82.844 123.196 206.040 109.478 96.562 53,1% 46,9% -0,3% -5,9% -9,2%"
9.1.8,698,3 columna(s) sin rótulo en el encabezado,"2017 66.489 100.356 166.845 82.429 84.416 49,4% 50,6% -19,7% -18,5% -24,7%"
9.1.8,698,3 columna(s) sin rótulo en el encabezado,"2018 72.757 101.868 174.625 89.128 85.525 51,0% 49,0% 9,4% 1,5% 8,1%"
9.1.8,698,3 columna(s) sin rótulo en el encabezado,"2019 89.785 113.878 203.657 101.086 102.566 49,6% 50,4% 23,4% 11,8% 13,4%"
9.1.8,698,3 columna(s) sin rótulo en el encabezado,"2020 87.448 80.548 167.996 77.899 90.097 46,4% 53,6% -2,6% -29,3% -22,9%"
9.1.8,698,3 columna(s) sin rótulo en el encabezado,"2021 85.501 106.265 191.766 94.704 97.062 49,4% 50,6% -2,2% 31,9% 21,6%"
9.1.8,698,3 columna(s) sin rótulo en el encabezado,"2022 91.628 117.818 209.446 100.760 108.686 48,1% 51,9% 7,2% 10,9% 6,4%"
9.1.8,698,"celda con texto no numérico: '4,6% >'","2023 95.810 119.078 214.888 107.471 107.417 50,0% 50,0% 4,6% > 6,7%"
9.1.8,698,2 columna(s) sin rótulo en el encabezado,"2023 95.810 119.078 214.888 107.471 107.417 50,0% 50,0% 4,6% > 6,7%"
9.1.12,712,3 columna(s) sin rótulo en el encabezado,"2008 174.007 333.973 507.980 257.478 250.502 50,7% 49,3% 24,3% 9,3% 14,0%"
9.1.12,712,3 columna(s) sin rótulo en el encabezado,"2009 211.076 349.761 560.837 270.574 290.263 48,2% 51,8% 21,3% 4,7% 10,4%"
9.1.12,712,3 columna(s) sin rótulo en el encabezado,"2010 251.291 347.335 598.626 275.894 322.732 46,1% 53,9% 19,1% -0,7% 6,7%"
9.1.12,712,3 columna(s) sin rótulo en el encabezado,"2011 261.340 358.685 620.025 279.343 340.682 45,1% 54,9% 4,0% 3,3% 3,6%"
9.1.12,712,3 columna(s) sin rótulo en el encabezado,"2012 330.455 393.440 723.895 325.190 398.705 44,9% 55,1% 26,4% 9,7% 16,8%"
9.1.12,712,3 columna(s) sin rótulo en el encabezado,"2013 302.293 499.230 801.523 374.312 427.211 46,7% 53,3% -8,5% 26,9% 10,7%"
9.1.12,712,3 columna(s) sin rótulo en el encabezado,"2014 340.186 470.232 810.418 384.462 425.956 47,4% 52,6% 12,5% -5,8% 1,1%"
9.1.12,712,3 columna(s) sin rótulo en el encabezado,"2015 394.798 488.452 883.250 473.427 409.823 53,6% 46,4% 16,1% 3,9% 9,0%"
9.1.12,712,3 columna(s) sin rótulo en el encabezado,"2016 474.438 395.814 870.252 419.162 451.090 48,2% 51,8% 20,2% -19,0% -1,5%"
9.1.12,712,3 columna(s) sin rótulo en el encabezado,"2017 359.079 370.235 729.314 355.327 373.987 48,7% 51,3% -24,3% -6,5% -16,2%"
9.1.12,712,3 columna(s) sin rótulo en el encabezado,"2018 334.441 348.775 683.216 347.672 335.572 50,9% 49,1% -6,9% -5,8% -6,3%"
9.1.12,712,3 columna(s) sin rótulo en el encabezado,"2019 333.600 361.253 694.923 336.982 357.936 48,5% 51,5% -0,3% 3,6% 1,7%"
9.1.12,712,3 columna(s) sin rótulo en el encabezado,"2020 345.916 263.437 609.353 261.748 347.605 43,0% 57,0% 3,7% -27,1% -12,3%"
9.1.12,712,3 columna(s) sin rótulo en el encabezado,"2021 327.424 349.998 677.422 333.279 344.143 49,2% 50,8% -5,3% 32,9% 11,2%"
9.1.12,712,3 columna(s) sin rótulo en el encabezado,"2022 337.816 378.093 715.911 351.230 364.680 49,1% 50,9% 3,2% 8,0% 5,7%"
9.1.12,712,3 columna(s) sin rótulo en el encabezado,"2023 337.394 401.448 738.841 382.333 356.508 51,7% 48,3% -0,1% 6,2% 3,2%"
13.1.3,739,"rótulo partido en varias líneas, reconstruido como 'DIRECCION ADMINISTRATIVA FINANCIERA'",1 0 10 0 11
14.1.1,744,bloque sin SUB TOTAL de cierre; distrito asignado por arrastre,
14.1.2,745,"rótulo partido en varias líneas, reconstruido como 'Tribunales Departamentales de Justicia'",3.049 2.159 304 5.512 18.211.475 17.419.671 1.483.731 37.114.877
14.1.2,745,"rótulo partido en varias líneas, reconstruido como 'Dirección General Administrativa Financiera'",259 241 3 503 1.491.059 1.612.970 23.935 3.127.964
