departamento_derivado,total_procesos,ingresos_totales,nuevas_ingresadas,atendidas,resueltas,pendientes_fin,personal_items,juzgados_publicados,cr_mediana,congestion_mediana,duracion_dias_mediana,cr_ponderado,congestion_ponderada,duracion_dias_ponderada,causas_por_funcionario
La Paz,263,67824.0,52948,98531,55457,43074,1560,21136,0.7007474682526924,2.0,365.0,0.8176604151922623,1.7767098833330328,283.49910741655697,63.16089743589744
Santa Cruz,174,64486.0,48578,91497,50674,40823,1348,17686,0.6222222222222222,2.327823691460055,484.6556473829201,0.7858139751263841,1.8056005051900383,294.044184394364,67.87611275964392
Cochabamba,174,45081.0,38298,53222,39433,13789,1112,15672,0.8905835543766578,1.4962686567164178,181.13805970149252,0.8747144029635545,1.349681738645297,127.63383460553345,47.861510791366904
Potosí,174,17905.0,14357,24607,15816,8791,594,9081,0.9047619047619048,1.5319727891156463,194.1700680272109,0.8833286791399051,1.5558295397066262,202.87778199291856,41.425925925925924
Tarija,174,15170.0,12575,19196,13238,5958,522,6972,0.9277813923227065,1.4166666666666667,152.08333333333334,0.8726433750823994,1.4500679861006194,164.2748149267261,36.77394636015325
Oruro,174,15522.0,13827,17425,13674,3541,470,6223,0.9117647058823529,1.3157894736842106,109.5,0.8809431774255895,1.274316220564575,94.51989176539418,37.07446808510638
Chuquisaca,174,13471.0,11511,15117,11369,3748,565,8105,0.96,1.2218897174254317,80.98974686028258,0.8439611016257145,1.329668396516844,120.32896472864807,26.755752212389382
Beni,174,8872.0,7189,12081,7111,4970,413,5568,0.75,1.7077342047930282,258.3229847494554,0.8015103697024346,1.6989171705807904,255.10476726198846,29.25181598062954
Pando,174,2540.0,2172,3796,2425,1371,182,2294,0.7646652864044168,1.4761904761904763,173.8095238095238,0.9547244094488189,1.5653608247422681,206.35670103092784,20.857142857142858
